OBJECTID,GIS_ID,NAME,ALPHA_CODE,PARK_CODE,AQUIRED,TRANS_DC,SOURCE,RESERVE,LABEL,SQUARE,SUFFIX,LOT,SSL,PAR,ADDRESS,GLOBALID,CREATOR,CREATED,EDITOR,EDITED,SHAPEAREA,SHAPELEN
1,ParkPly_1,Beach Parkway,ROCR,821,"5, 6",,NPS,432,Beach Parkway,0000,,0000,RES 04320000,,"DC Line, Between East & West Beach Drive, NW",{B11A8CCC-C818-4360-B30D-89A7AC473780},,,,,0,0
2,ParkPly_2,North Portal,ROCR,821,"5, 6",,NPS,433,North Portal,0000,,0000,RES 04330000,,"16th St.,between North Portal & South Portal Drs.",{73C212E7-F1D0-45AE-AA50-0F07ACB933FA},,,,,0,0
3,ParkPly_3,Rock Creek Park & Piney Branch Parkway,ROCR,821,"5,6,7,8",,NPS,339,Rock Creek Park & Piney Branch Parkway,"2084,2103,2214,2215,2216",,0000,RES 03560000,,"Klingle Rd. To DC Line, West Of 16th St., NW",{976A0A7B-829C-4666-A1EE-645ACCDC2DA9},,,,,0,0
4,ParkPly_33,Piney Branch Portal,ROCR,892,8,,NPS,531,Piney Branch Portal,3350,,0000,RES 05310000,,"Piney Branch Rd. & Eastern Ave., NW",{B526DDE4-42CE-419A-8260-D63ED80050F8},,,,,0,0
5,ParkPly_34,Pinehurst Parkway,ROCR,859,6,,NPS,545,Pinehurst Parkway,"2359,2362",,0000,RES 05450000,,"Pinehurst Circle To Rock Creek Park, NW",{FD381B46-74F3-4EBB-80F8-303CD43DEDB8},,,,,0,0
6,ParkPly_35,Piney Branch Portal,ROCR,892,8,,NPS,531,Piney Branch Portal,3350,,0000,RES 05310000,,"Piney Branch Rd. & Eastern Ave., NW",{74D0A36E-D798-42CD-8F54-C740392FF37C},,,,,0,0
7,ParkPly_36,Battleground National Cemetery,ROCR,858,9,,NPS,568,Battleground National Cemetery,2971,,0000,RES 05680000,,"Georgia Ave., Between Whittier Pl. & Van Buren St.",{CBB1923A-755B-4EF6-95E4-F5495ACCC2E0},,,,,0,0
8,ParkPly_37,Curb Parking,ROCR,878,8,,NPS,335,,0000,,0000,RES 03350000,,Western Ave. & Patterson St. NW,{35C5AA79-0096-4F95-9968-519DD91EDD5F},,,,,0,0
9,ParkPly_38,Chevy Chase Circle,ROCR,892,8,,NPS,335A,Chevy Chase Circle,1746,,0000,RES 335A0000,,"Western & Connecticut Aves., NW",{BCBC06FF-661A-4CB0-8E1B-59E71AD44CA8},,,,,0,0
10,ParkPly_39,Triangle,ROCR,892,8,,NPS,468,,0000,,0000,RES 04680000,,"Connecticut Ave., South Of Chevy Chase Circle, NW",{6017DB6D-6FB0-4311-BB41-24F3BF2CB270},,,,,0,0
11,ParkPly_40,Fort Stevens Park,ROCR,889,"5, 6",,NPS,358,Fort Stevens Park,"2939,2940",,0000,RES 03580000,,"13th St., Between Piney Branch Rd. & Rittenhouse St., NW",{60011D90-0C8C-4C5F-B6A7-E26C38759D40},,,,,0,0
12,ParkPly_41,Fort Circle Park,ROCR,832,6,,NPS,499,Fort Circle Park,0000,,0000,RES 04990000,,"Rock Creek Park To Fort Stevens Park, NW",{A3FBD828-44DE-49ED-B0AC-F433BF0E2026},,,,,0,0
13,ParkPly_42,Fort Circle Park,ROCR,832,"6, 8",,NPS,494,Fort Circle Park,MULTI-SQUARES & PARCELS,,0000,RES 04940000,,"Fort Stevens Park To Fort Slocum Park, NW",{93E2A960-0FB7-4647-A872-6DEE5502C5F3},,,,,0,0
14,ParkPly_43,Fort Circle Park,ROCR,832,"6, 8",,NPS,494,Fort Circle Park,MULTI-SQUARES & PARCELS,,0000,RES 04940000,,"Fort Stevens Park To Fort Slocum Park, NW",{EAD92AF3-E9FB-424D-804F-A58288CA9C68},,,,,0,0
15,ParkPly_44,Fort Circle Park,ROCR,832,"6, 8",,NPS,494,Fort Circle Park,MULTI-SQUARES & PARCELS,,0000,RES 04940000,,"Fort Stevens Park To Fort Slocum Park, NW",{61EE9089-FD37-4318-BE66-1B03B9BD0FB0},,,,,0,0
16,ParkPly_45,Fort Circle Park,ROCR,832,"6, 8",,NPS,494,Fort Circle Park,"2939,2940",,0000,RES 03580000,,"Fort Stevens Park To Fort Slocum Park, NW",{6DDEFCCB-A3F6-45FE-80DE-475FC2AD86F5},,,,,0,0
17,ParkPly_46,Fort Circle Park,ROCR,832,6,,NPS,499,Fort Circle Park,0000,,0000,RES 04990000,,"Rock Creek Park To Fort Stevens Park, NW",{870096EF-6D2A-4571-B7EB-30A795D61E62},,,,,0,0
18,ParkPly_47,Francis G. Newlands Park (Little Forest),ROCR,893,10,,NPS,668,Francis G. Newlands Park,2299,,0000,RES 06680000,,"Military rd., Between 28th & 30th sts., NW",{DF15435D-CD4C-4D1D-A1BD-5E2793409555},,,,,0,0
19,ParkPly_48,Fort Circle Park,ROCR,832,6,,NPS,499,Fort Circle Park,0000,,0000,RES 04990000,,"Rock Creek Park To Fort Stevens Park, NW",{EBB19C1B-F955-458A-9DA2-142CEB344B08},,,,,0,0
20,ParkPly_49,Fort Circle Park,ROCR,832,6,,NPS,499,Fort Circle Park,0000,,0000,RES 04990000,,"Rock Creek Park To Fort Stevens Park, NW",{B73A8A02-2E10-4497-BB8E-E458DD2C9573},,,,,0,0
21,ParkPly_50,Fort Circle Park,ROCR,832,"6, 8",,NPS,494,Fort Circle Park,MULTI-SQUARES & PARCELS,,0000,RES 04940000,,"Fort Stevens Park To Fort Slocum Park, NW",{04F3A753-7DB4-4987-8F55-9A43058019D7},,,,,0,0
22,ParkPly_51,Fort Circle Park,ROCR,832,6,,NPS,499,Fort Circle Park,0000,,0000,RES 04990000,,"Rock Creek Park To Fort Stevens Park, NW",{EC26AA83-F9BF-48EE-B9F5-F5A5BD29627E},,,,,0,0
23,ParkPly_52,Fort Circle Park,ROCR,832,6,,NPS,499,Fort Circle Park,0000,,0000,RES 04990000,,"Rock Creek Park To Fort Stevens Park, NW",{F19143D0-1CB8-4AE7-B2EF-3790317D1F2B},,,,,0,0
24,ParkPly_53,Fort Slocum Park,ROCR,887,"5, 6",,NPS,435,Fort Slocum Park,"3382,3383,3699,3700,3701,3702,3705,3706,3709",,0000,RES 04970000,,"2nd & 3rd Sts. To Oglethorpe & Madison Sts., NE",{CF5E480C-DE68-441B-B523-30E73234D116},,,,,0,0
25,ParkPly_54,Fort Circle Park,ROCR,832,6,,NPS,497,Fort Circle Park,"3382,3383,3699,3700,3701,3702,3705,3706,3709",,0000,RES 04970000,,"Fort Slocum Park To Fort Totten Park, NE",{409D7CB3-AD95-452B-8AF9-E878FB71C3CC},,,,,0,0
26,ParkPly_55,Fort Circle Park,ROCR,832,"6, 8",,NPS,494,Fort Circle Park,MULTI-SQUARES & PARCELS,,0000,RES 04940000,,"Fort Stevens Park To Fort Slocum Park, NW",{7AE787A4-7EDF-451A-AC98-24D835E34195},,,,,0,0
27,ParkPly_56,Fort Circle Park,ROCR,832,6,,NPS,497,Fort Circle Park,"3382,3383,3699,3700,3701,3702,3705,3706,3709",,0000,RES 04970000,,"Fort Slocum Park To Fort Totten Park, NE",{D3C793A3-028D-419C-BEE2-02691A780AFD},,,,,0,0
28,ParkPly_57,Fort Circle Park,ROCR,832,6,,NPS,497,Fort Circle Park,"3382,3383,3699,3700,3701,3702,3705,3706,3709",,0000,RES 04970000,,"Fort Slocum Park To Fort Totten Park, NE",{BCD167B0-F33F-4C19-A1AF-E12099246AF0},,,,,0,0
29,ParkPly_58,Fort Circle Park,ROCR,832,"6, 8",,NPS,494,Fort Circle Park,MULTI-SQUARES & PARCELS,,0000,RES 04940000,,"Fort Stevens Park To Fort Slocum Park, NW",{DA1E9C60-8F94-44D4-9531-17E827C504FB},,,,,0,0
30,ParkPly_59,Triangle,ROCR,892,8,,NPS,345,,2985,S,0000,RES 03450000,,"Missouri Ave., Between Nicholson & 8th Sts. , NW",{960D8B4D-4F28-4D7E-8925-17C7F0D24712},,,,,0,0
31,ParkPly_60,Triangle,ROCR,892,8,,NPS,346,,3155,N,0000,RES 03460000,,"Missouri Ave., Between Marietta Pl. & 8th St., NW",{57826109-4151-404B-A5ED-629D120E561E},,,,,0,0
32,ParkPly_61,Fort Circle Park,ROCR,832,"6, 8",,NPS,494,Fort Circle Park,MULTI-SQUARES & PARCELS,,0000,RES 04940000,,"Fort Stevens Park To Fort Slocum Park, NW",{4C0FB0BC-3D27-4565-8407-07021E9603E0},,,,,0,0
33,ParkPly_62,Fort Circle Park,ROCR,832,"6, 8",,NPS,494,Fort Circle Park,MULTI-SQUARES & PARCELS,,0000,RES 04940000,,"Fort Stevens Park To Fort Slocum Park, NW",{4B8A850C-28E8-430A-A980-DBEDE2C93225},,,,,0,0
34,ParkPly_63,Curb Parking,ROCR,878,8,,NPS,326C,,1741,,0815,1741    0815,,"Jenifer & 41st St., At Belt Rd., NW",{B4C67A53-21E5-41B1-85B8-F31D395DACA7},,,,,0,0
35,ParkPly_64,Fort Circle Park,ROCR,832,6,,NPS,515,Fort Circle Park,MULTI-SQUARES,,0000,RES 05150000,,"Fort Reno Park To Rock Creek Park , NW",{3883ACCD-81CB-4B5A-8D90-DEC3E056E9A3},,,,,0,0
36,ParkPly_65,Fort Circle Park,ROCR,832,"6, 8",,NPS,494,Fort Circle Park,MULTI-SQUARES & PARCELS,,0000,RES 04940000,,"Fort Stevens Park To Fort Slocum Park, NW",{3C9CBCC9-479C-4580-A7C0-3762E826FF7B},,,,,0,0
37,ParkPly_66,Fort Circle Park,ROCR,832,6,,NPS,515,Fort Circle Park,"2027,2290",,0000,RES 05150000,,"Fort Reno Park To Rock Creek Park , NW",{356C30E4-47AC-46B9-A7E7-3A9459ED5976},,,,,0,0
38,ParkPly_67,Fort Circle Park,ROCR,832,6,,NPS,515,Fort Circle Park,"2027,2290",,0000,RES 05150000,,"Fort Reno Park To Rock Creek Park , NW",{D830E5B5-730A-444D-879D-5EE332399187},,,,,0,0
39,ParkPly_68,Triangle,ROCR,892,8,,NPS,348,,3262,,0000,RES 03480000,,"Missouri Ave., Between Madison & 5th Sts., NW",{9F129084-E9FE-4728-9B2C-B3FB733D2D38},,,,,0,0
40,ParkPly_69,Fort Circle Park,ROCR,832,"6, 8",,NPS,494,Fort Circle Park,MULTI-SQUARES & PARCELS,,0000,RES 04940000,,"Fort Stevens Park To Fort Slocum Park, NW",{7C8AB582-F11D-4688-A7D4-933EE0D4B235},,,,,0,0
41,ParkPly_70,Fort Circle Park,ROCR,832,"6, 8",,NPS,494,Fort Circle Park,MULTI-SQUARES & PARCELS,,0000,RES 04940000,,"Fort Stevens Park To Fort Slocum Park, NW",{030DB1FE-9DFB-4C24-8EDA-2F021313C5A3},,,,,0,0
42,ParkPly_71,Fort Circle Park,ROCR,832,6,,NPS,515,Fort Circle Park,MULTI-SQUARES,,0000,RES 05150000,,"Fort Reno Park To Rock Creek Park , NW",{AD262D31-FCF2-455E-A1D6-0D5097BCB9B6},,,,,0,0
43,ParkPly_72,Fort Circle Park,ROCR,832,"6, 8",,NPS,494,Fort Circle Park,MULTI-SQUARES & PARCELS,,0000,RES 04940000,,"Fort Stevens Park To Fort Slocum Park, NW",{47D89D6A-023D-4FA5-9FB5-367BBEEC8095},,,,,0,0
44,ParkPly_73,Fort Circle Park,ROCR,832,6,,NPS,515,Fort Circle Park,MULTI-SQUARES,,0000,RES 05150000,,"Fort Reno Park To Rock Creek Park , NW",{89370A08-2320-40B1-A7CE-FBA73AFC21A2},,,,,0,0
45,ParkPly_4,Fort Circle Park,ROCR,832,6,,NPS,515,Fort Circle Park,MULTI-SQUARES,,0000,RES 05150000,,"Fort Reno Park To Rock Creek Park , NW",{13CF5AF6-9EA8-43F3-9338-AA0EB9A5DF97},,,,,0,0
46,ParkPly_5,Fort Bayard Park,ROCR,879,6,,NPS,359,Fort Bayard Park,1543,,0000,RES 03590000,,"Western Ave., Between 46th & 47th sts., NW",{DB52FE2C-9AB0-4DA1-9052-9C2E73E90747},,,,,0,0
47,ParkPly_6,Fort Circle Park,ROCR,832,6,,NPS,497,Fort Circle Park,"3382,3383,3699,3700,3701,3702,3705,3706,3709",,0000,RES 04970000,,"Fort Slocum Park To Fort Totten Park, NE",{3E6E8B56-CF4D-499F-9A0A-90B10A8444C9},,,,,0,0
48,ParkPly_7,Fort Circle Park,ROCR,832,6,,NPS,515,Fort Circle Park,MULTI-SQUARES,,0000,RES 05150000,,"Fort Reno Park To Rock Creek Park , NW",{43146967-D12F-4332-A4E1-086568FB26D9},,,,,0,0
49,ParkPly_8,Fort Circle Park,ROCR,832,6,,NPS,515,Fort Circle Park,MULTI-SQUARES,,0000,RES 05150000,,"Fort Reno Park To Rock Creek Park , NW",{AA8C6CD8-620E-4910-B8F0-A304533CEB1A},,,,,0,0
50,ParkPly_9,Triangle,ROCR,893,8,,NPS,573,,0000,,0000,RES 05730000,,"Connecticut Ave., Between Fessenden & 36th Sts., NW",{F3890F13-18FA-494F-BE3F-2D36309DA2C1},,,,,0,0
51,ParkPly_10,Triangle,ROCR,893,6,,NPS,643,,1984,,0000,RES 06430000,,"Fessenden St., Between Reno Rd. & Nebraska Ave., NW",{6E3BE214-48D9-4DB8-8348-AA258D30FD21},,,,,0,0
52,ParkPly_11,Fort Circle Park,ROCR,832,6,,NPS,515,Fort Circle Park,MULTI-SQUARES,,0000,RES 05150000,,"Fort Reno Park To Rock Creek Park , NW",{953D3DC0-CF5D-444B-8845-664B6C07EA2F},,,,,0,0
53,ParkPly_12,Fort Circle Park,ROCR,832,"6, 8",,NPS,451,Fort Circle Park,0000,,0000,RES 04510000,,"Fort Totten Park To Barnard Hill, NE",{85581661-FA43-4E43-BBF5-906D96AF3477},,,,,0,0
54,ParkPly_13,Fort Circle Park,ROCR,832,6,,NPS,515,Fort Circle Park,1982,,0000,RES 03970000,,"Fort Reno Park To Rock Creek Park , NW",{59060A56-7B4D-4D93-BC6E-00B92E54890E},,,,,0,0
55,ParkPly_14,Fort Circle Park,ROCR,832,6,,NPS,515,Fort Circle Park,MULTI-SQUARES,,0000,RES 05150000,,"Fort Reno Park To Rock Creek Park , NW",{9F6498B2-CD4C-42F8-9D59-926CB013F199},,,,,0,0
56,ParkPly_15,Fort Circle Park,ROCR,832,"6, 8",,NPS,451,Fort Circle Park,0000,,0000,RES 04510000,,"Fort Totten Park To Barnard Hill, NE",{2F4888C7-D751-43F0-A704-ACF1531C8360},,,,,0,0
57,ParkPly_16,Fort Circle Park,ROCR,832,"6, 8",,NPS,451,Fort Circle Park,0000,,0000,RES 04510000,,"Fort Totten Park To Barnard Hill, NE",{0B01F076-6323-4A55-97B5-8930C15C3513},,,,,0,0
58,ParkPly_17,Fort Circle Park,ROCR,832,6,,NPS,515,Fort Circle Park,MULTI-SQUARES,,0000,RES 05150000,,"Fort Reno Park To Rock Creek Park , NW",{D99E512C-BC51-40CC-8C62-3B59CE8F5A1F},,,,,0,0
59,ParkPly_18,Fort Circle Park,ROCR,832,"6, 8",,NPS,451,Fort Circle Park,0000,,0000,RES 04510000,,"Fort Totten Park To Barnard Hill, NE",{AE98CDE2-B7A5-410E-893D-9126A1FEE836},,,,,0,0
60,ParkPly_19,Fort Totten Park,ROCR,890,6,,NPS,544,Fort Totten Park,0000,,0000,RES 05440000,,"Bates Rd., South Of Riggs Rd., NE",{15774B71-CF9F-418D-8102-18CA56DFA3EF},,,,,0,0
61,ParkPly_20,Fort Circle Park,ROCR,832,"6, 8",,NPS,542,Fort Circle Park,"1599,1768,1772,1778,1779",,0000,RES 05420000,,"American University Park To Fort Reno Park, NW",{83AB8C77-F7F5-4F0A-8E8D-8CE738C8AB1E},,,,,0,0
62,ParkPly_21,Westmoreland Circle,ROCR,892,"6, 8",,NPS,559,Westmoreland Circle,1486,,0000,RES 05590000,,"Massachusetts & Western Aves., NW",{FF23DBB1-8803-4A2A-85AC-23E4306F8256},,,,,0,0
63,ParkPly_22,Dalecarlia Parkway,ROCR,0, ,1972/12/14 00:00:00+00,NPS,478,Dalecarlia Parkway,0000,,0000,RES 04780000,,"Between Massachusetts Ave. & Loughboro Rd., NW",{699849DF-4338-4F72-874C-ECA447282D2C},,,,,0,0
64,ParkPly_23,Triangle,ROCR,892,8,,NPS,436,,3216,,0000,RES 04360000,,"Kansas Ave. & 7th St., North Of Sherman Circle, NW",{EC7B1FB2-E0B0-487E-A1ED-2F8E6179C95E},,,,,0,0
65,ParkPly_24,Triangle,ROCR,892,8,,NPS,447,,3144,,0000,RES 04470000,,"Illinois Ave., Between 7th & Decatur Sts., NW",{C35FB420-A05E-4FFC-8BA0-3FD57C71E074},,,,,0,0
66,ParkPly_25,Sherman Circle,ROCR,845,8,,NPS,369,Sherman Circle,0000,,0000,RES 03690000,,"7th & Crittenden Sts. To Kansas & Illinois Aves., NW",{4E66ED96-872B-4D8F-A6AA-9E25E98BA876},,,,,0,0
67,ParkPly_26,Fort Circle Park,ROCR,832,"6, 8",,NPS,542,Fort Circle Park,"1599,1768,1772,1778,1779",,0000,RES 05420000,,"American University Park To Fort Reno Park, NW",{7833F113-4A03-4802-AAA2-CB9F69D74D61},,,,,0,0
68,ParkPly_27,Soapstone Valley,ROCR,846,"5, 6",,NPS,402,Soapstone Valley,"2046,2246,2248",,0000,RES 04020000,,"Connecticut Ave., Between Linnean Ave. & Yuma St., NW",{3F0BCC7D-ED90-4CCA-8FC2-A7644BF0B487},,,,,0,0
69,ParkPly_28,Fort Circle Park,ROCR,832,"6, 8",,NPS,542,Fort Circle Park,"1599,1768,1772,1778,1779",,0000,RES 05420000,,"American University Park To Fort Reno Park, NW",{FE4FD1B9-9900-4FE8-B35D-29A6B159EEE4},,,,,0,0
70,ParkPly_29,Triangle,ROCR,892,8,,NPS,438,,3141,,0000,RES 04380000,,"Kansas Ave., South Of Sherman Circle, NW",{D7760CDE-28B4-448C-9E98-49647EEDC66D},,,,,0,0
71,ParkPly_30,Triangle,ROCR,892,8,,NPS,448,,3219,,0000,RES 04480000,,"Illinois Ave., Between 7th & Buchanan Sts., NW",{D4A3147E-833B-42FF-82E7-86FF25BD3491},,,,,0,0
72,ParkPly_31,Tenley Circle,ROCR,892,8,,NPS,399,Tenley Circle,0000,,0000,RES 03990000,,"Nebraska & East Of Wisconsin Aves., NW",{1A7115C7-6A89-4B75-AE0B-2C8F440DC967},,,,,0,0
73,ParkPly_32,Tenley Circle,ROCR,892,8,,NPS,398,Tenley Circle,0000,,0000,RES 03980000,,"Nebraska & West Of Wisconsin Aves., NW",{2888278A-EC8A-4CB2-8528-E352E31E6D9D},,,,,0,0
74,ParkPly_98,Fort Circle Park,ROCR,832,"6, 8",,NPS,451,Fort Circle Park,0000,,0000,RES 04510000,,"Fort Totten Park To Barnard Hill, NE",{F8634A8B-2F87-4021-88EA-1EB3811C0FD3},,,,,0,0
75,ParkPly_99,Triangle,ROCR,893,10,,NPS,686,,1966,S,0000,RES 06860000,,"Reno Rd., Between 36th & Warren Sts., NW",{C76AED4F-BCB6-4D7D-BE2F-AB7DBA4A25DD},,,,,0,0
76,ParkPly_100,Triangle,ROCR,878,8,,NPS,330B,,0000,,0000,RES 330B0000,,"Van Ness st., Between 41st & Nebraska Ave. NW",{28ABE6D9-1A62-4689-924A-675B19AEE75B},,,,,0,0
77,ParkPly_101,Triangle,ROCR,878,8,,NPS,312I,,3225,,0000,RES 312I0000,,"Illinois Ave., Between 5th & Webster Sts., & Grant Circle",{0A62D600-FCCE-47CA-8728-38FEC5608C99},,,,,0,0
78,ParkPly_102,Grant Circle,ROCR,830,8,,NPS,312,Grant Circle,0000,,0000,RES 03120000,,"New Hampshire Ave., Between Illinois Ave. & 5th St. NW",{264F8164-F63C-475D-A7C2-DE0E131B3858},,,,,0,0
79,ParkPly_103,Glover Parkway & Children's Playground,ROCR,836,"6, 7, 10",,NPS,351K,Glover Parkway & Children's Playground,,,,RES 0351K000,,"North Of Massachusetts Ave., West Of 39th St., NW",{1CE7DE19-60AD-44DA-8B9F-2E14162B1856},,,,,0,0
80,ParkPly_104,Triangle,ROCR,878,8,,NPS,330C,,0000,,0000,RES 330C0000,,"Van Ness st., Between 42nd & Nebraska Ave., NW",{570AECBF-CD0F-44DB-8928-D6E2C84897D4},,,,,0,0
81,ParkPly_105,Fort Circle Park,ROCR,832,"6, 8",,NPS,451,Fort Circle Park,0000,,0000,RES 04510000,,"Fort Totten Park To Barnard Hill, NE",{F09449E6-2721-4A90-9DB3-C6040D5FC29B},,,,,0,0
82,ParkPly_106,Triangle,ROCR,878,8,,NPS,312A,,3242,,0000,RES 312A0000,,"5th st., Between Illinois Ave., Upsur St. & Grant Circle",{89519238-ED43-4858-AEC6-8D473C3EE5DE},,,,,0,0
83,ParkPly_107,Glover Parkway & Children's Playground,ROCR,836,"6, 7",,NPS,351J,Glover Parkway & Children's Playground,,,,RES 0351J000,,"North Of Massachusetts Ave., NW",{E69B2C3C-5C68-4DF2-B2B1-DC6C0B8D2094},,,,,0,0
84,ParkPly_108,Barnard Hill,ROCR,832,"6,  8",,NPS,528,Barnard Hill,4299,,0000,RES 05280000,,"24th St., Between Randolph st. & Eastern Ave., NW",{ACF195C3-6540-464D-855B-28C9248C1040},,,,,0,0
85,ParkPly_109,Center Parking,ROCR,878,8,,NPS,308A,,0000,,0000,RES 308A0000,,"Tilden St. & Linnean Ave., NW",{C758BCFE-BEE4-4209-9792-7AF754C571A6},,,,,0,0
86,ParkPly_110,Triangle,ROCR,893,8,,NPS,667,,0000,,0000,RES 06670000,,"Tilden St. & Reno Rd., NW",{8DB621E9-EC42-4D1B-B59B-2FC9CA621813},,,,,0,0
87,ParkPly_111,Rock Creek Park & Piney Branch Parkway,ROCR,821,"5,6,7,8",,NPS,339,Rock Creek Park & Piney Branch Parkway,0000,,0000,RES 03390000,,"Klingle Rd. To DC Line, West Of 16th St., NW",{9E57ECE7-7B8A-4ADA-AE91-C07243987FE7},,,,,0,0
88,ParkPly_112,Reservation 630,ROCR,861,6,,NPS,630,Melvin C. Hazen Park,,,0000,RES 06300000,,"South Of Tilden St., East & West Of Connecticut Ave., NW",{3F8B81FC-0910-4BE2-A3C8-A912E6B7CB24},,,JLAY,2022/09/19 16:14:43+00,0,0
89,ParkPly_113,Fort Circle Park,ROCR,832,"6, 8",,NPS,542,Fort Circle Park,"1599,1768,1772,1778,1779",,0000,RES 05420000,,"American University Park To Fort Reno Park, NW",{5AF92F6B-09C5-4873-970C-5A605263B58C},,,,,0,0
90,ParkPly_114,Ward Circle,ROCR,893,8,,NPS,572,,0000,,0000,RES 05720000,,"Massachusetts & Nebraska Aves., NW",{B1CAC906-7F1C-40CC-B7EE-D7F54505F221},,,,,0,0
91,ParkPly_115,Ward Circle,ROCR,893,8,,NPS,572,Ward Circle,0000,,0000,RES 05720000,,"Massachusetts & Nebraska Aves., NW",{6C064B25-BDFA-41B1-8013-8ED9636BE5BD},,,,,0,0
92,ParkPly_116,Ward Circle,ROCR,893,8,,NPS,572,,0000,,0000,RES 05720000,,"Massachusetts & Nebraska Aves., NW",{62591302-781B-40D9-8ED6-3B6B5329A821},,,,,0,0
93,ParkPly_117,Fort Circle Park,ROCR,832,6,,NPS,520,Fort Circle Park,4303,,0000,RES 05200000,,"Barnard Hill To Ft. Lincoln, NE",{137CAA75-912A-4D3F-913D-3CE3D0D94124},,,,,0,0
94,ParkPly_118,Fort Circle Park,ROCR,832,6,,NPS,520,Fort Circle Park,4303,,0000,RES 05200000,,"Barnard Hill To Ft. Lincoln, NE",{6E1FB8F5-CACF-4ACE-A8B0-54896BC01F6A},,,,,0,0
95,ParkPly_119,Chesapeake & Ohio Canal National Historical Park,CHOH,412, ,,NPS,404,Chesapeake & Ohio Canal National Historical Park,0000,,0000,RES 04040000,, ,{757E2538-4E67-4AED-BDE6-DF1933D3A01D},,,,,0,0
96,ParkPly_120,Fort Circle Park,ROCR,832,6,,NPS,520,Fort Circle Park,4303,,0000,RES 05200000,,"Barnard Hill To Ft. Lincoln, NE",{A74EC8F5-463B-4C24-A02F-67BD37E4BF95},,,,,0,0
97,ParkPly_121,Fort Bunker Hill,ROCR,880,"5, 6",,NPS,443,Fort Bunker Hill,3966,,0000,RES 04430000,,"Perry Pl., Between 13th & 14th Sts., NE",{271053DE-E2A5-411E-A792-F9D3FC421D48},,,,,0,0
98,ParkPly_122,Fort Circle Park,ROCR,832,6,,NPS,520,Fort Circle Park,4303,,0000,RES 05200000,,"Barnard Hill To Ft. Lincoln, NE",{FAB6CB26-F140-48D4-BDA5-EA5A856A93C0},,,,,0,0
99,ParkPly_123,Fort Circle Park,ROCR,832,6,,NPS,520,Fort Circle Park,4303,,0000,RES 05200000,,"Barnard Hill To Ft. Lincoln, NE",{F7F8062E-3CA5-4FBB-A059-65080FEE6CAC},,,,,0,0
100,ParkPly_124,,,,<Null>,,,,,1818,,0849,1818    0849,,,{B38B74A5-9ABD-4330-9D02-88D852BF6B8A},,,,,0,0
101,ParkPly_125,Fort Circle Park,ROCR,832,6,,NPS,520,Fort Circle Park,4303,,0000,RES 05200000,,"Barnard Hill To Ft. Lincoln, NE",{4192AFDF-9F2A-4231-A68C-132E6A50E3F8},,,,,0,0
102,ParkPly_126,Glover Parkway & Children's Playground,ROCR,836,"6, 7",,NPS,351I,Glover Parkway & Children's Playground,,,,RES 0351I000,,"Massachusetts & Cathedral Aves., NW",{7252A5FB-EB23-4795-BAE7-1F42CD818C27},,,,,0,0
103,ParkPly_127,Triangle,ROCR,893,8,,NPS,587,,0000,,0000,RES 05870000,,"Nebraska Ave., Between 45th & Rockwood Pkwy., NW",{DE39BC56-2356-45D8-8FC3-2544EDA8F7DC},,,,,0,0
104,ParkPly_128,Fort Circle Park,ROCR,832,6,,NPS,520,Fort Circle Park,4303,,0000,RES 05200000,,"Barnard Hill To Ft. Lincoln, NE",{FB788B87-EB09-4F66-A713-E0A58F07B7C2},,,,,0,0
105,ParkPly_129,Fort Circle Park,ROCR,832,6,,NPS,520,Fort Circle Park,4303,,0000,RES 05200000,,"Barnard Hill To Ft. Lincoln, NE",{AD53B2BB-C58E-45B4-81AD-45EA12E7381F},,,,,0,0
106,ParkPly_130,Fort Circle Park,ROCR,832,6,,NPS,520,Fort Circle Park,4303,,0000,RES 05200000,,"Barnard Hill To Ft. Lincoln, NE",{1DEFDE50-2103-4B7B-A419-FBCD40AA0CE6},,,,,0,0
107,ParkPly_131,Park,ROCR,821,"8, 9",,NPS,563,,PAR ,,0006,PAR 00670006,0067,North Side Of Zoo,{73855CF7-3078-4D80-B74D-AD41867C6D6F},,,,,0,0
108,ParkPly_132,Glover Parkway & Children's Playground,ROCR,836,"7, 10",,NPS,351H,Glover Parkway & Children's Playground,,,,RES 0351H000,,"Massachusetts Ave., NW",{8D37DE7F-9E2B-4317-AF27-393D1109D43D},,,,,0,0
109,ParkPly_133,Fort Circle Park,ROCR,832,6,,NPS,530,Fort Circle Park,PAR ,,0002,PAR 03030002,0303,"Palisades Park to American University, NW",{C2CD549D-8FE5-426F-8455-0D6DA9611042},,,,,0,0
110,ParkPly_134,,ROCR,,<Null>,,NPS,313B,,0000,,0000,RES 313B0000,,"South Dakota Ave., between 24th St. & Rhode Island Ave., NE
",{2DD71B56-C939-4E38-BC92-FF9F7852650F},,,,,0,0
111,ParkPly_135,Triangle,ROCR,878,8,,NPS,309G,,2675,W,0000,RES 309G0000,,"Park Rd., Between Pine & 16th Sts., NW",{5EC06072-E5A8-48FA-A643-A088C04F5E5C},,,,,0,0
112,ParkPly_136,Fort Circle Park,ROCR,832,6,,NPS,520,Fort Circle Park,4303,,0000,RES 05200000,,"Barnard Hill To Ft. Lincoln, NE",{68D7A0B2-404A-4A7F-85F6-EF594915D592},,,,,0,0
113,ParkPly_137,Woodley Park,ROCR,893,"6, 8",,NPS,635,Woodley Park,2103,,0804,2103    0804,,"Cortland Pl. & Devonshire Pl ., NW",{6C8BD2C8-C23E-4F91-BCDA-82B398258CB2},,,,,0,0
114,ParkPly_138,,ROCR,,<Null>,,NPS,614,,0000,,0000,RES 06140000,,"Harewood Rd., between 4th St. & Michigan Ave., NE",{A89C39B6-4B22-4769-BF2F-05FF6184205A},,,,,0,0
115,ParkPly_139,Battery Kemble Park,ROCR,884,6,,NPS,521,Battery Kemble Park,PAR ,,0002,PAR 03030002,0303,"Chain Bridge Rd., South Of Nebraska Av. & Little Falls Rd.",{D45E2B19-E50F-44ED-94AF-5859A4001B69},,,,,0,0
116,ParkPly_140,"Clara Barton Parkway, Maryland",GWMP,851,"6, 9",,NPS,404M2,Clara Barton Parkway,0000,,0000,RES 04040000,,"DC Line To Great Falls, MD",{E25E8298-01DA-4335-BAE3-316DE486D135},,,,,0,0
117,ParkPly_141,Curb Parking,ROCR,892,8,,NPS,361,,0000,,0000,RES 03610000,,"Lamont & 15th Sts., Extended NE",{BACB2359-86F3-449C-996D-661A54A2A932},,,,,0,0
118,ParkPly_142,Fort Circle Park,ROCR,832,6,,NPS,520,Fort Circle Park,4303,,0000,RES 05200000,,"Barnard Hill To Ft. Lincoln, NE",{C760BDEB-E42C-48C4-A272-219CF6DE737F},,,,,0,0
119,ParkPly_143,Triangle,ROCR,878,8,,NPS,309A,,2595,E,0000,RES 309A0000,,Lamont & West Side Of 16th Sts. NW,{F6B7E66D-8B58-4780-B23C-921078C81700},,,,,0,0
120,ParkPly_144,Potomac Palisades Parkway,CHOH,847,"5, 6, 7, 8, 9",,NPS,404,Potomac Palisades Parkway,0000,,0000,RES 04040000,,"Key Bridge To DC Line, NW",{175C4971-CD4F-4B39-B593-1B20ED2D2A77},,,,,0,0
121,ParkPly_145,Glover Parkway & Children's Playground,ROCR,836,"6, 7, 8, 10",,NPS,351E,Glover Parkway & Children's Playground,PAR ,,0007,PAR 03040007,0304,"New Mexico Ave. & Cathedral Ave., NW",{41EA0EA3-6474-4A18-BF02-F6DE0D283934},,,,,0,0
122,ParkPly_146,Glover Parkway & Children's Playground,ROCR,836,"7, 8, 10",,NPS,351F,Glover Parkway & Children's Playground,PAR ,,0008,PAR 03040008,0304,"New Mexico Ave., & 42nd St., NW",{EC226BB6-2E97-4ADA-88AD-5F34FECF475C},,,,,0,0
123,ParkPly_147,Woodley Park,ROCR,893,"6, 8",,NPS,635,,"2084,2103,2214,2215,2216",,0000,RES 03560000,,"Cortland Pl. & Devonshire Pl ., NW",{8B0464C2-5FC7-4051-BA61-CF4C7462933B},,,,,0,0
124,ParkPly_148,Triangle,ROCR,893,8,,NPS,565,,0000,,0000,RES 05650000,,"16th & Irving Sts., NW",{1AD607EF-90AE-4B2E-9E30-E80968FE38C1},,,,,0,0
125,ParkPly_149,Bryce Park,ROCR,893,6,,NPS,700,Bryce Park,1928,,0000,RES 07000000,,"Massachusetts Ave., Between Wisconsin Ave. & Garfield St., NW",{903AB3BA-2DBD-46E1-91C9-F5DE636ED82E},,,,,0,0
126,ParkPly_150,Triangle,ROCR,878,8,,NPS,309B,,2594,,0000,RES 309B0000,,"Mt. Pleasant St, Between 16th St., & Harvard St., NW",{5A6EE960-871F-448D-96FF-6FB6460E4D6C},,,,,0,0
127,ParkPly_74,Glover Parkway & Children's Playground,ROCR,836,"6, 7, 8, 10",,NPS,351,Glover Parkway & Children's Playground,,,,RES 03510000,,"44th & U Sts., NW",{C2665EFD-9E4A-4F4F-BC5E-B09E9EA0691A},,,,,0,0
128,ParkPly_75,Park,ROCR,821,"8, 9",,NPS,563,,2587,W,0814,2587W   0814,,North Side Of Zoo,{5AA0F8F6-C437-4227-A0F1-AF327F1F710B},,,,,0,0
129,ParkPly_76,"6, 8",ROCR,857,"6, 8",,NPS,514,,,,,RES 05140000,,"Massachusetts Ave., Between Garfield & Normanstone Dr., NW",{D5F4E0DD-5FA8-40B3-BED3-C89C3A8E942E},,,,,0,0
130,ParkPly_77,National Zoo Entrance,ROCR,821,6,,NPS,516,National Zoo Entrance,2587,,0000,RES 05160000,,"Harvard St. Entrance, NW",{417C247A-06C8-436C-8F7A-A0F4B2006E44},,,,,0,0
131,ParkPly_78,Glover Parkway & Children's Playground,ROCR,836,"6, 7, 8, 10",,NPS,351A,Glover Parkway & Children's Playground,,,,RES 0351A000,,"42nd & U Sts., NW",{74A3D721-C6E7-4751-958D-93838FA0351A},,,,,0,0
132,ParkPly_79,Park,ROCR,836,"6, 8",,NPS,529,,"1339,1340,1381,1615",,0000,RES 05290000,,"Garfield St., Between Fulton St. & Foxhall Rd., NW",{4F3D8906-2202-438F-8761-895CAC878F82},,,,,0,0
133,ParkPly_80,Rabaut Park,ROCR,878,8,,NPS,309C,Rabaut Park,0000,,0000,RES 309C0000,,"Mt. Pleasant St., Between 16th St., & Harvard St., NW",{3ADAD6AB-B9BC-4BAE-A997-446C4E538C11},,,,,0,0
134,ParkPly_81,Park,ROCR,836,"6, 8",,NPS,529,,"1339,1340,1381,1615",,0000,RES 05290000,,"Garfield St., Between Fulton St. & Foxhall Rd., NW",{C7E11660-48B7-4648-979C-7DFCBAFEDC47},,,,,0,0
135,ParkPly_82,Potomac Palisades Parkway,ROCR,847,"5, 6, 7, 8, 9",,NPS,404,Potomac Palisades Parkway,1412,,0824,1412    0824,,"Key Bridge To DC Line, NW",{F5A877EA-A4C0-4A6D-9EBE-9AF690D75189},,,,,0,0
136,ParkPly_83,Chesapeake & Ohio Canal National Historical Park,CHOH,412, ,,NPS,404,,0000,,0000,RES 04040000,, ,{ABEA0D3F-6B3F-409D-AAD0-F3E139812C58},,,,,0,0
137,ParkPly_84,Rock Creek & Potomac Parkway,ROCR,844,"2, 6, 8",,NPS,360,Rock Creek & Potomac Parkway,0000,,0000,RES 03600000,,"Along Rock Creek, Between Zoo & Theodore Roosevelt Bridge",{9E1C348A-7131-4CF4-B545-241548ABF022},,,,,0,0
138,ParkPly_85,Meridian Hill Park,ROCR,872,4,,NPS,327,Meridian Hill Park,"2569,2570,2573",,0000,RES 03270000,,"16th St., Between Euclid & W Sts. NW",{02D0E31D-39B3-400A-A449-A69E698D9EE4},,,,,0,0
139,ParkPly_86,Baltimore Washington Parkway,NACE,842,9,,NPS,688,Baltimore Washington Parkway,0000,,0000,RES 343G0000,,DC Line To Md Rt. 176,{193B4A12-93BA-4565-9A31-3D964088444C},,,,,0,0
140,ParkPly_87,Normanstone Parkway,ROCR,857,"6, 8",,NPS,514,Normanstone Parkway,0000,,0000,RES 05140000,,"Massachusetts Ave., Between Garfield & Normanstone Dr., NW",{57796DAC-7F4B-4E09-BD76-F8AC5CEB9C72},,,,,0,0
141,ParkPly_88,,,,<Null>,,NPS,,,0000,,0147,PAR 01730147,0173,,{E62A39FA-24F5-4B33-AC8D-64E839C846BB},,,,,0,0
142,ParkPly_89,Triangle,NACC,877,1,,NPS,272,,0000,,0000,RES 02720000,,"Florida Ave., & 10th St., NW",{7796F95D-DBCA-49D8-9C8F-09D5007020BF},,,,,0,0
143,ParkPly_90,Center Parking,ROCR,892,8,,NPS,338,,2140,,0000,RES 03380000,,"Rock Creek Dr., Between Edgevale Terr. & Normanstone Dr.",{70784132-2813-4582-BA94-280CF3B01396},,,,,0,0
144,ParkPly_91,Whitehaven Parkway,ROCR,839,"5, 6, 8",,NPS,357,Whitehaven Parkway,MULTI-SQUARES,,0000,RES 03570000,,"W st., West Of Wisconsin Ave., NW",{160CBB96-B758-4980-B6D8-734F0AECBFF1},,,,,0,0
145,ParkPly_92,Potomac Palisades Parkway,ROCR,847,"5, 6, 7, 8, 9",,NPS,404,,1388,E,0805,1388E   0805,,"Key Bridge To DC Line, NW",{F43F7B9F-8715-422F-B9DF-4D22EECD8F1C},,,,,0,0
146,ParkPly_93,Curb Parking,ROCR,878,8,,NPS,303D,,0000,,0000,RES 303D0000,,"Ashmeade Pl., Between Connecticut Ave. & Kalorama Rd.",{C18702A6-C633-443E-894A-EAD259A8A047},,,,,0,0
147,ParkPly_94,,,,<Null>,,NPS,,,PAR ,,0081,PAR 01730081,0173,,{293CD367-E886-46D9-B6F8-8DBA3B1417D0},,,,,0,0
148,ParkPly_95,,,,<Null>,,NPS,148,,0000,,0000,RES 01480000,,"New Hampshire Ave. & 15th St., south of W St., NW
",{C7B3F512-BDE6-4966-9568-922959EF1442},,,,,0,0
149,ParkPly_96,Center Parking,ROCR,878,8,,NPS,303A &,,0000,,0000,RES 303A0000,,"Connecticut Ave. & Belmont Rd., NW",{50C87410-AF39-4351-BB26-6E75E6568261},,,,,0,0
150,ParkPly_97,Potomac Palisades Parkway,ROCR,847,"5, 6, 7, 8, 9",,NPS,404,Potomac Palisades Parkway,0000,,0000,RES 04040000,,"Key Bridge To DC Line, NW",{E595AD52-6381-4235-AE84-D2AF26CA4BBF},,,,,0,0
151,ParkPly_186,Dumbarton Oaks Park,ROCR,863,10,,NPS,637,Dumbarton Oaks Park,2155,,0000,RES 06370000,,"Whitehaven Park & Montrose Park, NW",{20CCB9C4-B487-4E25-A569-4D996078330F},,,,,0,0
152,ParkPly_187,"Anacostia Park, Section G",NACE,831,"6, 9",,NPS,343G,Anacostia Park,0000,,0000,RES 343G0000,,Anacostia River (both Banks) Between DC Line & Benning Rd.,{18A93547-2730-4CDE-92A3-A59151911325},,,,,0,0
153,ParkPly_188,Triangle,NACC,877,1,,NPS,271,,0000,,0000,RES 02710000,,"Florida Ave., Between V st. & West Of Ontario Rd., NW",{19243881-81EC-4E5B-B242-58CB332C2E72},,,,,0,0
154,ParkPly_189,Baltimore Washington Parkway,NACE,842,9,,NPS,688,Baltimore Washington Parkway,0000,,0000,RES 06880000,,DC Line To Md Rt. 176,{58FE4745-1955-4203-BFDF-124054D019CA},,,,,0,0
155,ParkPly_190,Triangle,NACC,876,8,,NPS,147,,0000,,0000,RES 01470000,,"Above New Hampshire Ave. & 16th St., NW",{B8AB6955-46E8-406B-88B5-9EAA33046020},,,,,0,0
156,ParkPly_191,Archbold Parkway,ROCR,836,"6, 7, 8, 10",,NPS,450A,Archbold Parkway,,,,RES 0450A000,,"West Side Glover Archbold Parkway, Between U st. & Reservoir",{2299C261-B79B-46EE-90D0-8B01F178B431},,,,,0,0
157,ParkPly_192,Archbold Parkway,ROCR,836,"7, 8, 10",,NPS,450B,Archbold Parkway,,,,RES 0450B000,,"East Side Glover Archbold Parkway, Between U st. & Reservoir Rd.",{8699F0DD-639E-40CF-BAE4-B86BB123FBDB},,,,,0,0
158,ParkPly_193,United States National Arboretum,,,<Null>,,NPS,,United States National Arboretum,0000,,0016,PAR 01620016,0162,3501 NEW YORK AVENUE NE,{CB3C261B-2571-46E3-9694-72DBC8C3894C},,,,,0,0
159,ParkPly_194,,,,<Null>,,NPS,,,PAR ,,0025,PAR 01630025,0163,,{E7A3AFB2-BC30-4035-92F3-1D914795FB25},,,,,0,0
160,ParkPly_195,Potomac Palisades Parkway,ROCR,847,"5, 6, 7, 8, 9",,NPS,404,,0000,,0000,RES 04040000,,"Key Bridge To DC Line, NW",{AD1A6EB1-0677-4CB7-BA8A-55052A876A2B},,,,,0,0
161,ParkPly_196,Triangle,NACC,876,1,,NPS,170,,0000,,0000,RES 01700000,,"Vermont Ave., Between 10th & U Sts., NW",{F2E930EB-A52A-41D0-A1AE-409C4788F42E},,,,,0,0
162,ParkPly_197,Triangle,ROCR,878,8,,NPS,303,,2356,S,0000,RES 03030000,,"Connecticut Ave., Between Columbia Rd. & California. St.",{04F79A56-EA24-4BAB-8E86-B0449BBEF9EB},,,,,0,0
163,ParkPly_198,Triangle,NACC,876,8,,NPS,146,,0000,,0000,RES 01460000,,Below New Hampshire Ave. & 16th St. NW,{4E3F852C-1F11-4B61-96DE-919A86D87ADA},,,,,0,0
164,ParkPly_199,"Anacostia Park, Section G",NACE,831,"6, 9",,NPS,343G,Anacostia Park,0000,,0000,RES 343G0000,,Anacostia River (both Banks) Between DC Line & Benning Rd.,{264E00A0-7EE4-4DED-9947-4EB3B6C069BD},,,,,0,0
165,ParkPly_200,Triangle,NACC,876,1,,NPS,170,,0000,,0000,RES 01700000,,"Vermont Ave., Between 10th & U Sts., NW",{709AC5F1-2143-48A5-A9FC-45281E752B41},,,,,0,0
166,ParkPly_201,Montrose Park,ROCR,891,8,,NPS,324,Montrose Park,2156,,0000,RES 03240000,,"R St. & Lovers Ln., NW",{50632300-126C-4002-B5E0-F2F0403D00F3},,,,,0,0
167,ParkPly_202,Triangle,NACC,877,8,,NPS,270A,,0000,,0000,RES 270A0000,,"Florida Ave., Between 19th st. & T Sts., NW",{8DCEB029-428F-4596-A9BF-C591742A778E},,,,,0,0
168,ParkPly_203,Triangle,NACC,877,1,,NPS,274,,0000,,0000,RES 02740000,,"Florida Ave., Between T & West Of 6th Sts., NW",{E8ECBB33-7F45-4E61-9A84-B687AC712BC8},,,,,0,0
169,ParkPly_204,Triangle,NACC,876,1,,NPS,169,,0000,,0000,RES 01690000,,"Vermont Ave., Between 10th & T Sts., NW",{D687C5C4-9B3F-4E9E-A8F9-E97B18E2AD2E},,,,,0,0
170,ParkPly_205,Triangle,NACC,876,1,,NPS,169,,0000,,0000,RES 01690000,,"Vermont Ave., Between 10th & T Sts., NW",{3F4CA5E2-6364-4A02-B2A8-99AF2BE7353E},,,,,0,0
171,ParkPly_206,Triangle,NACC,893,8,,NPS,683,,0000,,0000,RES 06830000,,"Vermont Ave. & 11th St., North Of S St., NW",{1F297337-626E-4D33-ABDB-A760CCC753C6},,,,,0,0
172,ParkPly_207,Brentwood Park (Patterson Tract),NACC,849,6,,NPS,495,Brentwood Park,3594,,0000,RES 04950000,,"6th st., Between New York & Florida Aves., NE",{A3265060-739F-45DC-AE07-4AC811C3070A},,,,,0,0
173,ParkPly_208,"Anacostia Park, Section G",NACE,831,"6, 9",,NPS,343G,Anacostia Park,0000,,0000,RES 343G0000,,Anacostia River (both Banks) Between DC Line & Benning Rd.,{89E34A3D-F805-4FD4-9E9B-391884651B45},,,,,0,0
174,ParkPly_209,Triangle,NACC,877,1,,NPS,270,,0065,,0000,RES 02700000,,"Florida Ave., Between 21st & South Of S Sts., NW",{A59683D0-F667-430C-A217-EF0D79D6BED2},,,,,0,0
175,ParkPly_210,Triangle,NACC,893,8,,NPS,682,,0000,,0000,RES 06820000,,"Vermont Ave & 11th St., South Of S St., NW",{D5E07002-D9EA-4894-A33A-3B28B9CE19CF},,,,,0,0
176,ParkPly_211,Triangle,NACC,876,8,,NPS,167,,0000,,0000,RES 01670000,,"Vermont Ave. & 11th St., North Of R St. NW",{3ECDA558-CF6E-4688-AC8A-184540C4BC8D},,,,,0,0
177,ParkPly_212,Brentwood Park (Patterson Tract),NACC,849,6,,NPS,495,Brentwood Park,3594,,0000,RES 04950000,,"6th st., Between New York & Florida Aves., NE",{94A7C74E-A96B-4502-99F6-AF2B5FAAF05F},,,,,0,0
178,ParkPly_213,Triangle,ROCR,892,8,,NPS,554,,0000,,0000,RES 05540000,,"Connecticut Ave., Between 20th & R Sts., NW",{F994D13C-70E4-431F-975A-D37BC9CFB049},,,,,0,0
179,ParkPly_214,Triangle,NACC,877,1,,NPS,276,,0000,,0000,RES 02760000,,"Florida Ave., Between R & 2nd Sts., NW",{FE749ABD-7AA7-44A0-8E43-2B8600AADD3D},,,,,0,0
180,ParkPly_215,Archbold Parkway,ROCR,836,"5, 6, 7, 8, 9",,NPS,450,Archbold Parkway,,,,RES 04500000,,Macarthur Boulevard & 44th St. NW,{AD3F70A2-7782-4D31-95D4-FFE967A4D6DE},,,,,0,0
181,ParkPly_216,"Anacostia Park, Section G",NACE,831,"6, 9",,NPS,343G,Anacostia Park,0000,,0000,RES 343G0000,,Anacostia River (both Banks) Between DC Line & Benning Rd.,{73D1FCF9-734C-4F2D-B919-FF6E2C917145},,,,,0,0
182,ParkPly_217,"Anacostia Park, Section G",NACE,831,"6, 9",,NPS,343G,Anacostia Park,0000,,0000,RES 343G0000,,Anacostia River (both Banks) Between DC Line & Benning Rd.,{5DDC7FC2-5D2C-4632-926E-1F73C38A7099},,,,,0,0
183,ParkPly_218,Triangle,NACC,877,8,,NPS,276A,,3099,,0000,RES 276A0000,,"Florida Ave., Between 1st & R Sts., NW",{126E4E62-EBA1-4CC2-9FE9-476A9088B5E4},,,,,0,0
184,ParkPly_219,"Anacostia Park, Section G",NACE,831,"6, 9",,NPS,343G,Anacostia Park,0000,,0000,RES 343G0000,,Anacostia River (both Banks) Between DC Line & Benning Rd.,{3B923D95-E0BD-458B-A0CB-479101FAC81F},,,,,0,0
185,ParkPly_220,Sheridan Circle,NACC,825,8,,NPS,057A,Sheridan Circle,2512,W,0000,RES 057A0000,,"Massachusetts Ave., Between 23rd & R Sts., NW",{3648083D-54AB-44E1-BC59-A36521035E28},,,,,0,0
186,ParkPly_221,Triangle,NACC,893,8,,NPS,681,,0000,,0000,RES 06810000,,"12th & Vermont Ave., North Of Q St., NW",{A20B9DE0-55E5-4083-A769-C8E8A7EF87B4},,,,,0,0
187,ParkPly_222,Triangle,NACC,876,8,,NPS,165,,0000,,0000,RES 01650000,,"Vermont Ave. & 12th St., South Of R st., NW",{C6B0F760-F35B-4697-ADD6-15EEE8AE37DE},,,,,0,0
188,ParkPly_223,Triangle,NACC,876,1,,NPS,149,,0000,,0000,RES 01490000,,"Connecticut Ave., Between 20th & Q Sts., NW",{C2D1C7C4-B36C-4B33-A2B3-AFE0B584EBC6},,,,,0,0
189,ParkPly_224,Triangle,NACC,862,1,,NPS,057,,0067,,0000,RES 00570000,,"Massachusetts Ave., Between 22nd & Q Sts., NW",{0E6C0E37-3B79-4856-A867-E10C9019AFE5},,,,,0,0
190,ParkPly_225,Triangle,NACC,877,1,,NPS,277,,0000,,0000,RES 02770000,,"Florida Ave., Between Q & West Of North Capitol St.",{CDDFEBDF-2A53-4350-A800-F6B9D1306978},,,,,0,0
191,ParkPly_226,Triangle,NACC,862,1,,NPS,058,,0066,S,0000,RES 00580000,,"Massachsetts Ave., Between 21st & Q Sts., NW",{8E3C9A91-7FD5-46EB-A898-A294741C9A57},,,,,0,0
192,ParkPly_227,Potomac Palisades Parkway,ROCR,847,"5, 6, 7, 8, 9",,NPS,404,,1361,,0805,1361    0805,,"Key Bridge To DC Line, NW",{D95ED1F9-4C51-480B-BE01-5719E76AA939},,,,,0,0
193,ParkPly_228,Triangle,NACC,862,8,,NPS,057D,,0047,,0000,RES 057D0000,,"Florida Ave. & 22nd St., NW",{23ED6197-7226-4ECA-A61C-131F5BCF3932},,,,,0,0
194,ParkPly_229,Triangle,NACC,876,1,,NPS,190,,0000,,0000,RES 01900000,,"New Jersey Ave., Between 4th & Q Sts., NW",{6EFAFED2-17EA-4460-8123-0B2C4EB2A161},,,,,0,0
195,ParkPly_230,Logan Circle,NACC,829,1,,NPS,153,Logan Circle,0000,,0000,RES 01530000,,"Rhode Island & Vermont Aves., NW",{1192FB30-64ED-4F5A-9CDF-B07D3648CCF2},,,,,0,0
196,ParkPly_231,Dupont Circle,NACC,826,1,,NPS,060,Dupont Circle,0114,E,0000,RES 00600000,,"Massachusetts & Connecticut Aves., NW",{B02F2548-6984-4153-BDAB-1B11C996EA88},,,,,0,0
197,ParkPly_232,Triangle,NACC,876,1,,NPS,154,,0278,S,0000,RES 01540000,,"Rhode Island Ave., Between 12th & P Sts., NW",{EFB8A3F4-B94E-474E-8028-78F05D62E7EA},,,,,0,0
198,ParkPly_233,Triangle,NACC,862,1,,NPS,059,,0095,E,0000,RES 00590000,,"Massachusetts., Between 20th & P sts., NW",{607B21D6-6F3D-4A2A-BBFD-E10CD4EE9C1E},,,,,0,0
199,ParkPly_234,Triangle,NACC,877,1,,NPS,278,,0000,,0000,RES 02780000,,"Florida Ave., Between P & West Of 1st Sts., NE",{D6757E62-2F67-4D6C-8440-6D4A93CE67CB},,,,,0,0
200,ParkPly_235,"Anacostia Park, Section G",NACE,831,"6, 9",,NPS,343G,Anacostia Park,0000,,0000,RES 343G0000,,Anacostia River (both Banks) Between DC Line & Benning Rd.,{87577258-25FF-46E3-A8E8-39B5027DEBA0},,,,,0,0
201,ParkPly_236,Triangle,NACC,876,1,,NPS,163,,0000,,0000,RES 01630000,,"Vermont Ave., Between 13th & O Sts. NW",{13491E94-667B-4344-9E11-FF4A15D61450},,,,,0,0
202,ParkPly_237,Fort Circle Park,NACE,832,"6, 8",,NPS,523,Fort Circle Park,"5071,5076,5077,5094",E,0000,RES 05230000,,"Anacostia Park To Fort Mahan Park, NE",{BE60E2B1-8FC4-4EBE-AD27-78BE09113FF3},,,,,0,0
203,ParkPly_238,Triangle,NACC,876,1,,NPS,184,,0000,,0000,RES 01840000,,"New York Ave., Between 1st & O Sts., NE",{3EC07E12-9D89-489A-8387-0CE1C7696754},,,,,0,0
204,ParkPly_239,Mary McLeod Bethune Council House,NACE,0, ,,NPS,0000,,0242,,0055,0242    0055,,"Vermont Ave., NW",{CA866EEA-6B97-4B0E-B8B9-FDBA1EBA03F7},,,,,0,0
205,ParkPly_240,Triangle,NACC,877,8,,NPS,192,,0554,W,0000,RES 01920000,,"New Jersey Ave., Between 3rd & N Sts., NW",{D27B2359-EEB3-48C6-BDE4-181277213ED1},,,,,0,0
206,ParkPly_241,Triangle,NACC,862,"1, 8",,NPS,064,,0000,,0000,RES 00640000,,"East Of Scott Circle, Massachusetts & Rhode Island Ave.",{679B6174-02D9-4FC5-A0B2-4BE0AADE1EE5},,,,,0,0
207,ParkPly_242,Triangle,NACC,862,8,,NPS,062A,,0000,,0000,RES 062A0000,,"North Of Res. 62 At Massachusetts Ave., NW",{9B370A76-C1D4-43F4-8EDA-EA5E04AD6EAB},,,,,0,0
208,ParkPly_243,Triangle,NACC,862,8,,NPS,064B,,0000,,0000,RES 064A0000,,"South Of Res. 64 At Massachusetts Ave., NW",{5F8E5BCE-3F47-4D87-A091-437768D5A80A},,,,,0,0
209,ParkPly_244,Triangle,NACC,862,"1, 8",,NPS,062,,0000,,0000,RES 00620000,,"West Of Scott Circle, Between Massachusetts & Rhode Island Ave., NW",{BE025E8B-FEC7-492E-942F-CA76B68598FD},,,,,0,0
210,ParkPly_245,Scott Circle,NACC,827,"1, 8",,NPS,063,Scott Circle,0000,,0000,RES 00630000,,"Massachusetts & Rhode Island Ave., NW",{CD9BE394-B86D-4E8C-A416-F861301ED659},,,,,0,0
211,ParkPly_246,Triangle,NACC,876,1,,NPS,183,,0000,,0000,RES 01830000,,"New York Ave., Between North Capitol St. & N St.,",{F41A5A29-F4B7-4825-B9F4-93DF209A0E6E},,,,,0,0
212,ParkPly_247,Triangle,NACC,877,1,,NPS,279,,0000,,0000,RES 02790000,,"Florida Ave., Between N & West Of 4th Sts., NE",{3DDDD379-F09C-41A4-8A83-439BC9E4B933},,,,,0,0
213,ParkPly_248,Triangle,NACC,876,1,,NPS,183,,0000,,0000,RES 01830000,,"New York Ave., Between North Capitol St. & N st.,",{D40ED041-86E8-46ED-AA81-905D1217E743},,,,,0,0
214,ParkPly_249,Triangle,NACC,876,1,,NPS,182,,0000,,0000,RES 01820000,,"New York Ave. & N St., West Of North Capitol St. NW",{593D93F2-0C32-49D6-AF08-65B667C73CAA},,,,,0,0
215,ParkPly_250,Triangle,NACC,876,8,,NPS,150A,,0000,,0000,RES 150A0000,,"Connecticut Ave., Between 18th & N Sts., NW",{EFE618DE-6E5E-4A5F-84A4-2480D4363F63},,,,,0,0
216,ParkPly_251,Triangle,NACC,862,8,,NPS,062B,,0000,,0000,RES 062B0000,,"South Of Res. 62 At Rhode Island Ave., NW",{229FF4EF-D9E5-434B-8FA8-2209BB27350F},,,,,0,0
217,ParkPly_252,Triangle,NACC,876,1,,NPS,182,,0000,,0000,RES 01820000,,"New York Ave. & N St., West Of North Capitol St. NW",{05D8CA68-A733-41F5-AC65-515D4E7B22B7},,,,,0,0
218,ParkPly_253,Triangle,NACC,862,8,,NPS,064A,,0000,,0000,RES 064B0000,,"North Of Res. 64 At Rhode Island Ave., NW",{30B08064-3093-49E3-ACDF-ACA1076D2D95},,,,,0,0
219,ParkPly_254,"Anacostia Park, Section G",NACE,831,"6, 9",,NPS,343G,Anacostia Park,0000,,0000,RES 343G0000,,Anacostia River (both Banks) Between DC Line & Benning Rd.,{BCD6E7FC-2656-4BB4-8E4B-D42F5B394886},,,,,0,0
220,ParkPly_255,Potomac Palisades Parkway,ROCR,847,"5, 6, 7, 8, 9",,NPS,404,,0000,,0000,RES 04040000,,"Key Bridge To DC Line, NW",{98D99D03-BC4F-4D91-B548-A961E1D928F6},,,,,0,0
221,ParkPly_256,Triangle,NACC,876,1,,NPS,162,,0244,,0802,0244    0802,,"Vermont Ave. & 14th St., North Of Thomas Circle, NW",{C97CEAEB-031B-4989-BA46-000F2383CA0D},,,,,0,0
222,ParkPly_257,Triangle,NACC,876,1,,NPS,150,,0000,,0000,RES 01500000,,"Connecticut Ave., Between 18th & M Sts., NW",{84A79F81-D938-4AC8-B0AC-531C3C10E73B},,,,,0,0
223,ParkPly_258,Triangle,NACC,876,1,,NPS,181,,0000,,0000,RES 01810000,,"New York Ave., Between 1st & M Sts., NW",{21A1714E-67D8-4C06-936E-711EDE4C9E2E},,,,,0,0
224,ParkPly_151,Old stone House,ROCR,864,6,,NPS,693,Old stone House,1209,,0000,RES 06930000,,"3051 M St., NE",{14B1E633-3A3B-405E-9AC5-FDCF6AAAB248},,,,,0,0
225,ParkPly_152,Thomas Circle,NACC,828,1,,,066,Thomas Circle,,,,RES 00660000,,"Massachusetts & Vermont Aves., NW",{A31C7CCF-D295-41A5-B0D4-24EEB0BAF9AB},,,,,0,0
226,ParkPly_153,Triangle,NACC,876,1,,NPS,151,,0000,,0000,RES 01510000,,Rhode Island Ave. & M St. NW,{922C779D-065F-4616-90C0-D788F7B860F8},,,,,0,0
227,ParkPly_154,Triangle,NACC,862,1,,NPS,065,,0000,,0000,RES 00650000,,"West Of Thomas Circle, Massachusetts Ave. & M st., NW",{6A381E03-46B0-44F7-8B4B-9480EBE67D59},,,,,0,0
228,ParkPly_155,Triangle,NACE,878,1,,NPS,280,,0280,,0000,RES 02800000,,"Florida Ave., Between M & East Of 6th Sts., NE",{B1C1045E-E06F-42AF-AE48-6BA361C27485},,,,,0,0
229,ParkPly_156,Triangle,NACC,876,1,,NPS,181,,0000,,0000,RES 01810000,,"New York Ave., Between 1st & M Sts., NW",{306D7EA7-B65B-4B30-A62A-80E77F2B68D2},,,,,0,0
230,ParkPly_157,"Anacostia Park, Section G",NACE,831,"6, 9",,NPS,343G,Anacostia Park,0000,,0000,RES 343G0000,,Anacostia River (both Banks) Between DC Line & Benning Rd.,{7170DA0C-B645-4160-9170-30A3826D0F16},,,,,0,0
231,ParkPly_158,Center Parking,NACC,876,8,,NPS,179,,0000,,0000,RES 01790000,,"New York Ave., Between New Jersey Ave. & 3rd St.,",{CF496B4D-74E4-4E26-BB68-C24330F3E302},,,,,0,0
232,ParkPly_159,Triangle,NACC,862,1,,NPS,067,,0000,,0000,RES 00670000,,"Massachusetts Ave. & M St., NW",{72374F07-D8E0-428F-8547-739CE54BBC54},,,,,0,0
233,ParkPly_160,Triangle,NACE,893,6,,NPS,695,,4465,,0000,RES 06950000,,"M St. & Maryland Ave., NE",{F688A0F0-F55A-4CE5-845C-141C3F0C714B},,,,,0,0
234,ParkPly_161,Triangle,ROCR,840,1,,NPS,022,,1195,,0000,RES 00220000,,"Pennsylvania Ave., Between 28th & M Sts., NW",{298C60B6-8641-4801-9ACD-9308CCEB69AC},,,,,0,0
235,ParkPly_162,Park,ROCR,893,8,,NPS,691,,1194,,0000,RES 06910000,,"Pennsylvania Ave., Between 28th & M Sts., NW",{69B1229D-21E2-48B7-A741-90C253BD13C2},,,,,0,0
236,ParkPly_163,Chesapeake & Ohio Canal National Historical Park,CHOH,412,4,,NPS,404,Chesapeake & Ohio Canal National Historical Park,0000,,0000,RES 04040000,,From Rock Creek and Potomac Parkway Along Potomac River To DC Line,{E563F49D-91BD-48DD-BAE8-5BC39645BFFA},,,,,0,0
237,ParkPly_164,Potomac Palisades Parkway,CHOH,847,"5, 6, 7, 8, 9",,NPS,404,,0000,,0000,RES 04040000,,"Key Bridge To DC Line, NW",{D8B04300-B4AD-4421-9318-D05E7D0544E6},,,,,0,0
238,ParkPly_165,Chesapeake & Ohio Canal National Historical Park,CHOH,412,4,,NPS,404,,0000,,0000,RES 04040000,,From Rock Creek and Potomac Parkway Along Potomac River To DC Line,{961468D2-20A5-49A8-8D2C-FE51F002A48D},,,,,0,0
239,ParkPly_166,Chesapeake & Ohio Canal National Historical Park,CHOH,412,4,,NPS,404,,0000,,0000,RES 04040000,,From Rock Creek and Potomac Parkway Along Potomac River To DC Line,{57636AD8-1661-4FD8-8A98-72F302D6E27E},,,,,0,0
240,ParkPly_167,Chesapeake & Ohio Canal National Historical Park,CHOH,412,4,,NPS,404,,0000,,0000,RES 04040000,,From Rock Creek and Potomac Parkway Along Potomac River To DC Line,{1C5CA6E9-77AE-490F-A775-2B5ADD5D9764},,,,,0,0
241,ParkPly_168,Chesapeake & Ohio Canal National Historical Park,CHOH,412,4,,NPS,404,,0000,,0000,RES 04040000,,From Rock Creek and Potomac Parkway Along Potomac River To DC Line,{09227616-0CB3-4449-BAEC-EC0E4337362E},,,,,0,0
242,ParkPly_169,Triangle,NACC,875,1,,NPS,068,,0000,,0000,RES 00680000,,"Massachusetts Ave. & L St. To 11th & 12th Sts., NW",{8C66BBB8-AA63-49E6-95C8-78EE3A9183F8},,,,,0,0
243,ParkPly_170,Samuel Gompers Memorial Park,NACC,875,1,,NPS,069,Samuel Gompers Memorial Park,0000,,0000,RES 069A0000,,"Massachusetts Ave. & L St. To 10th & 11th Sts., NW",{B8670A9E-A552-4F77-93C3-1FF74693B141},,,,,0,0
244,ParkPly_171,Triangle,NACC,876,8,,NPS,177A,,0000,,0000,RES 177A0000,,"New York Ave., Between East Side Of 5th & L Sts.,",{D3458955-C9EA-46A2-8DA2-06706EF5ED73},,,,,0,0
245,ParkPly_172,Chesapeake & Ohio Canal National Historical Park,CHOH,412,4,,NPS,404,,0000,,0000,RES 04040000,,From Rock Creek and Potomac Parkway Along Potomac River To DC Line,{768FA9E7-6C69-423E-BA5A-D1828446DE0A},,,,,0,0
246,ParkPly_173,Samuel Gompers Memorial Park,NACC,875,1,,NPS,069,Samuel Gompers Memorial Park,0000,,0000,RES 00690000,,"Massachusetts Ave. & L St. To 10th & 11th Sts., NW",{C39EC404-A021-4260-8651-020464B8F7CD},,,,,0,0
247,ParkPly_174,Triangle,NACC,876,1,,NPS,177,,0000,,0000,RES 01770000,,"New York Ave., Between 5th & L Sts., NW",{170EE760-0629-461A-9800-66DD2CB59708},,,,,0,0
248,ParkPly_175,Triangle,NACC,876,1,,NPS,178,,0000,,0000,RES 01780000,,"New York Ave. & L St., NW",{98FB7A76-202C-439D-8C0C-65FEDC3615F7},,,,,0,0
249,ParkPly_176,Chesapeake & Ohio Canal National Historical Park,CHOH,412,4,,NPS,404,Chesapeake & Ohio Canal National Historical Park,0000,,0000,RES 04040000,,From Rock Creek and Potomac Parkway Along Potomac River To DC Line,{757583D7-D949-4AB4-B15B-EF0D4AAC0D0C},,,,,0,0
250,ParkPly_177,Triangle,NACE,878,1,,NPS,281,,0000,,0000,RES 02810000,,"Florida Ave., Between 9th & West Virginia Ave. , NE",{C66F6D6E-B022-4556-86DB-41B1FE388F96},,,,,0,0
251,ParkPly_178,Triangle,NACC,875,8,,NPS,069A,,0000,,0000,RES 069A0000,,"Massachusetts Ave., Between 11th & L Sts., NW",{2820CA68-96F2-40EA-98D7-2BBA755C4865},,,,,0,0
252,ParkPly_179,"Anacostia Park, Section G",NACE,831,"6, 9",,NPS,343G,Anacostia Park,0000,,0000,RES 343G0000,,Anacostia River (both Banks) Between DC Line & Benning Rd.,{B5742290-6DA5-423E-AF8B-E1F266BFE508},,,,,0,0
253,ParkPly_180,Washington Circle,NACC,824,1,,NPS,026,Washington Circle,0040,N,0000,RES 00260000,,"Pennsylvania & New Hampshire Aves., NW",{79D32F55-3FF5-4D76-BA5B-0CDC8629B760},,,,,0,0
254,ParkPly_181,Triangle,NACC,875,1,,NPS,070,,0000,,0000,RES 00700000,,"Massachusetts Ave., 8th & K Sts., NW",{5002BDB4-DB4D-4C6B-9034-05F81075F022},,,,,0,0
255,ParkPly_182,Triangle,NACC,876,1,,NPS,176,,0000,,0000,RES 01760000,,"New York Ave., Between 7th & K Sts., NW",{94EBA927-1E94-413E-86E0-14A3BC17D72F},,,,,0,0
256,ParkPly_183,Franklin Square,NACC,812,1,,NPS,009,Franklin Square,0000,,0000,RES 00090000,,"I To K St. & 13th To 14th Sts., NW",{E2FE8AAE-9D22-45EE-985E-E86A2715BF2D},,,,,0,0
257,ParkPly_184,Mcpherson Square,NACC,874,1,,NPS,011,McPherson Square,0218,W,0000,RES 00110000,,"15th St., Between I & K Sts., NW",{AB92CA55-DEB7-478D-8C4C-EF10F706DF26},,,,,0,0
258,ParkPly_185,Farragut Square,NACC,818,1,,NPS,012,Farragut Square,0185,W,0000,RES 00120000,,"17th St., Between I & K Sts., NW",{4A6EB189-504E-4F83-9F6B-C71A63059B7B},,,,,0,0
259,ParkPly_282,Triangle,NACC,876,1,,NPS,175,,0000,,0000,RES 01750000,,"New York Ave., Between 9th & K Sts., NW",{E9321AED-E58D-443B-8867-A09C09DCC591},,,,,0,0
260,ParkPly_283,Triangle,NACC,875,1,,NPS,071,,0000,,0000,RES 00710000,,"Massachusetts Ave., 7th & K Sts., NW",{EF3310DF-0AAC-4100-B8A2-383B167F60F7},,,,,0,0
261,ParkPly_284,Triangle,NACC,877,1,,NPS,193,,0000,,0000,RES 01930000,,"New Jersey Ave., Between 2nd & Above I Sts., NW",{EF68415D-83E0-4F49-A6DA-E2C68369E2B6},,,,,0,0
262,ParkPly_285,Curb Parking,NACE,878,8,,NPS,315,,0831,,0802,0831    0802,,"I St., Between 5th & 6th Sts., NE",{25A630DD-FDEA-4167-819E-6F3BEEA5B19A},,,,,0,0
263,ParkPly_286,Triangle,NACE,878,1,,NPS,283,,0000,,0000,RES 02830000,,"Florida Ave., & I st., West Of Orren St., NE",{33247E92-76A3-4CE9-8523-7F6F9324E190},,,,,0,0
264,ParkPly_287,Triangle,NACC,877,1,,NPS,194,,0000,,0000,RES 01940000,,"New Jersey Ave., Between 2nd & Below I Sts., NW",{24A10348-8C94-44D8-8169-02A18C04A9BD},,,,,0,0
265,ParkPly_288,James Monroe Park,NACC,840,1,,NPS,029,James Monroe Park,0000,,0000,RES 00290000,,"Pennsylvania Ave., Between 20th & I Sts., NW",{23E2CAFE-7F80-44D1-AA3C-465C8974D552},,,,,0,0
266,ParkPly_289,Triangle,NACC,875,1,,NPS,072,,0000,,0000,RES 00720000,,"Massachusetts Av. & I St. To 5th & 6th Sts., NW",{672B76E2-53E3-4E3E-8830-C8B49115905A},,,,,0,0
267,ParkPly_290,Triangle,NACC,876,1,,NPS,173,,0000,,0000,RES 01730000,,"New York Ave. Between 12th & I Sts., NW",{868A5054-975A-48A6-9FEA-B4EB3D2A84F9},,,,,0,0
268,ParkPly_291,,NAMA,,<Null>,,NPS,74,,0000,,0000,RES 00740000,,"above Massachusetts Ave., between 5th & I Sts., NW",{CEEC67E2-25B2-4DF9-BF01-E8C98950D215},,,,,0,0
269,ParkPly_292,Thompson's Boat House,CHOH,844, ,,NPS,360,Thompson's Boat House,0000,,0000,RES 04040000,,End Of Rock Creek and Potomac Parkway To Potomac River,{F9BA98A5-8C4E-4846-9D62-00932E4D8425},,,,,0,0
270,ParkPly_293,Triangle,NACC,840,1,,NPS,028,,0101,N,0000,RES 00280000,,"Pennsylvania Ave., Between 21st & I Sts., NW",{4A7C802E-1E5D-46B7-AF9B-E7248B848FDB},,,,,0,0
271,ParkPly_294,Triangle,NACC,875,1,,NPS,073,,0000,,0000,RES 00730000,,"Below Massachusetts Ave., Between 5th & I Sts., NW",{1E2E4859-CC22-4FD5-AB1F-4A065D342DF6},,,,,0,0
272,ParkPly_295,Triangle,ROCR,0,1,1965/03/02 00:00:00+00,NPS,095,,0000,,0000,RES 00950000,,"Virginia Ave., Between 27th & I Sts., Nw [Bricked]",{E20C30E2-E322-4972-B925-0D50443506E6},,,,,0,0
273,ParkPly_296,Center Parking,NACC,840,8,,NPS,026G,,0030,,0000,RES 026H0000,,"New Hampshire Ave. & L St., NW",{CEB7ACA4-EBC0-4403-AAA1-B4350484A568},,,,,0,0
274,ParkPly_297,Fort Circle Park,NACE,832,"6, 8",,NPS,523,Fort Circle Park,"5071,5076,5077,5094",E,0000,RES 05230000,,"Anacostia Park To Fort Mahan Park, NE",{42D1A707-00FD-4D34-8183-113003BC8F22},,,,,0,0
275,ParkPly_298,Fort Circle Park,NACE,832,"6, 8",,NPS,523,Fort Circle Park,"5071,5076,5077,5094",E,0000,RES 05230000,,"Anacostia Park To Fort Mahan Park, NE",{1E6A669F-9924-4084-8072-CA1190CDFA0C},,,,,0,0
276,ParkPly_299,Triangle,NACC,876,8,,NPS,172B,,0251,,0000,RES 172B0000,,"New York Ave, & 13th st., NW East Of Res. 172",{2D27CC4C-3F4F-48ED-9C21-FE0BAD5353B3},,,,,0,0
277,ParkPly_300,Triangle,NACC,840,1,,NPS,031,,0105,S,0000,RES 00310000,,"Pennsylvania Ave., Between 18th & H Sts., NW",{76C5DED7-30DB-4677-80C9-411923AD10AE},,,,,0,0
278,ParkPly_301,Triangle,NACC,876,1,,NPS,172,,0251,,0000,RES 01720000,,"New York Ave. & H St., West Of 13th St., NW",{DDDB8128-2AC8-412F-A19B-92A9161A115E},,,,,0,0
279,ParkPly_302,Lafayette Square,NACC,803,1,,NPS,010,Lafayette Square,0187,,0000,RES 00100000,,Pennsylvania Ave. to H St. and Jackson to Madison Pl.,{8E9EC3D7-A01D-4B3C-B303-FD002C08B295},,,,,0,0
280,ParkPly_303,Triangle,NACC,876,8,,NPS,172A,,0000,,0000,RES 172A0000,,"New York Ave., Between 13th & H Sts., NW",{D5418208-974F-47DC-BDF4-8DE40803767D},,,,,0,0
281,ParkPly_304,Theodore Roosevelt Island (Analostan Island),GWMP,854,10,,NPS,560,Theodore Roosevelt Island,PAR ,,0001,PAR 03180001,0318,"Potomac River, NW",{550CA5E2-C019-40BF-978D-3E46DED0D0E0},,,,,0,0
282,ParkPly_305,Triangle,NACC,840,1,,NPS,030,,0141,N,0000,RES 00300000,,"Pennsylvania  Ave., Between 19th & H sts., NW",{2ACAC3BA-99E9-49C4-8861-7B066E2FE159},,,,,0,0
283,ParkPly_306,Fort Circle Park,NACE,832,"6, 8",,NPS,523,Fort Circle Park,"5071,5076,5077,5094",E,0000,RES 05230000,,"Anacostia Park To Fort Mahan Park, NE",{CD4D7989-FC18-43B4-A718-54E1F6F09890},,,,,0,0
284,ParkPly_307,,,,<Null>,1969/06/30 00:00:00+00,NPS,135,,0031,,0000,RES 01350000,,"New Hampshire Ave. between 25th & H Sts., NW ",{FE21736D-F9AC-454A-BE74-CF599C5D0027},,,,,0,0
285,ParkPly_308,,,,<Null>,,NPS,26I,,0031,,0000,RES 026I0000,,"New Hampshire Ave., south of H St., NW",{879ED224-5C24-4C0B-A1FD-1D98555275ED},,,,,0,0
286,ParkPly_309,Triangle (Juarez Statue Site),NACC,875,1,,NPS,134,,"0008,0017","E,S",0000,RES 01340000,,New Hampshire & Virginia Aves. To 25th & G Sts. NW,{DF0F2F39-1B16-45EA-8573-A968AD0880A5},,,,,0,0
287,ParkPly_310,Triangle,NACE,877,1,,NPS,213,,0000,,0000,RES 02130000,,"Maryland Ave., 14th & G Sts., NE",{91C48FDE-C236-4EF7-92F0-203461AB393F},,,,,0,0
288,ParkPly_311,Fort Circle Park,NACE,832,"6, 8",,NPS,523,Fort Circle Park,"5071,5076,5077,5094",E,0000,RES 05230000,,"Anacostia Park To Fort Mahan Park, NE",{99E91307-E205-4B98-89CE-27F0FCFC2AE5},,,,,0,0
289,ParkPly_312,Center Parking,NACC,840,8,,NPS,026K,,0008,E,0800,0008E   0800,,"New Hampshire Ave., Between G st. & Virginia Ave., NW",{B3599FA6-F84F-4051-A9EC-5D256F9DB19C},,,,,0,0
290,ParkPly_313,Triangle,NACE,877,1,,NPS,212,,0000,,0000,RES 02120000,,"Maryland Ave., & G st. East Of 13th St.,, NE",{65C0B878-A2A0-4E26-98A8-CBCECED0F5ED},,,,,0,0
291,ParkPly_314,Triangle,NACC,875,8,,NPS,077A,,0000,,0000,RES 077B0000,,"Massachusetts Ave., Between 1st & G Sts., NW",{C114AFA6-BC77-42C4-9CDF-0150A2220AA9},,,,,0,0
292,ParkPly_315,Triangle,NACE,877,1,,NPS,212,,0000,,0000,RES 02120000,,"Maryland Ave., & G st. East Of 13th St.,, NE",{6E64D251-DF3A-4FA5-BF0F-9B38825B27A9},,,,,0,0
293,ParkPly_316,"President's Park, White House Ground, Exec. Office, Treasury Bldg.",NACC,813,1,,NPS,001,White House Grounds,0187,,0000,RES 00010000,,"Pennsylvania Ave., Between 15th & 17th Streets NW",{F8FA41D1-0C39-4733-836D-551DB84A708A},,,,,0,0
294,ParkPly_317,Triangle,NACC,875,1,,NPS,098,,0031,,0000,RES 00980000,,"Virginia Ave., Between 25th & G Sts., NW",{5B0C6054-F4B1-45D1-8940-A6AABC4D74C0},,,,,0,0
295,ParkPly_318,Triangle,NACC,875,8,,NPS,077B,,0000,,0000,RES 077A0000,,"Massachusetts Ave., Between New Jersey Ave. & G St.",{33D18E22-D6C0-4B82-97AB-8C04B43A7956},,,,,0,0
296,ParkPly_319,Fort Mahan Park,NACE,885,"5, 6",,NPS,475,Fort Mahan Park,"5078,5079,5080,5081,5082,5087",,0000,RES 04750000,,"Benning Rd., Between 42nd & Grant Sts., NE",{CF54085A-A4CF-4FD2-86E7-A2C96AF7201A},,,,,0,0
297,ParkPly_320,Triangle,NACC,875,1,,NPS,099,,0031,,0000,RES 00990000,,"Virginia Ave., Between 24th & G Sts., NW",{C141D809-FB92-4D34-B7EA-083F074C6963},,,,,0,0
298,ParkPly_321,Center Parking,ROCR,840,8,,NPS,026M,,0019,,0000,RES 026M0000,,"New Hampshire Ave., North Of F st., NW",{997791F7-A197-47E8-AA05-EE64A97B103E},,,,,0,0
299,ParkPly_322,Triangle,NACC,875,1,,NPS,078,,0000,,0000,RES 00780000,,"Massachusetts Ave., Between North Capitol & F St.,",{33CFAB47-B619-4D01-B13B-B9AFC80527F6},,,,,0,0
300,ParkPly_323,Triangle,NACE,877,1,,NPS,211,,0000,,0000,RES 02110000,,"Maryland Ave., & F st. East Of 12th St.,, NE",{511AE00F-DA51-4925-9734-509A41080003},,,,,0,0
301,ParkPly_324,"Anacostia Park, Section F",NACE,831,"6, 9",,NPS,343F,Anacostia Park,0000,,0000,RES 343F0000,,"Anacostia River, Between Benning & Railroad Bridges",{8D029D94-0625-41D4-AF18-3AB6F1753B00},,,,,0,0
302,ParkPly_325,Triangle,NACC,877,1,,NPS,196,,0000,,0000,RES 01960000,,"New Jersey Ave., Between 1st & F Sts., NW",{B365CB27-F40B-4228-8412-543151C77BA1},,,,,0,0
303,ParkPly_326,Triangle,NACE,877,1,,NPS,210,,0000,,0000,RES 02100000,,"Maryland Ave., Between 11th & F Sts., NE",{9BF626B0-742C-4618-A382-FF3E0A71CF54},,,,,0,0
304,ParkPly_327,Judiciary Square,NACC,0,1,1970/02/11 00:00:00+00,NPS,007,Judiciary Square,0488,E,0800,0488E   0800,,"D To G Sts., & 4th To 5th Sts., NW",{9C1D8BF5-4106-44CB-9DB3-81B528F8539F},,,,,0,0
305,ParkPly_328,Triangle,NACC,875,1,,NPS,101,,0058,,0000,RES 01010000,,Above Virginia Ave. & F St. NW,{5F0DBF65-B06D-481C-95D0-63164A003F4F},,,,,0,0
306,ParkPly_329,Area South Of Union station,NACC,873,7,,NPS,334,Columbus Circle,0000,,0000,RES 03340000,,"Union Station Plaza, NE",{5F50B8F5-FB8D-46DF-A185-549519A2F400},,,,,0,0
307,ParkPly_330,"Anacostia Park, Section F",NACE,831,"6, 9",,NPS,343F,Anacostia Park,0000,,0000,RES 343F0000,,"Anacostia River, Between Benning & Railroad Bridges",{5DC9BC21-2BE1-417A-B47E-AA27B6FA6456},,,,,0,0
308,ParkPly_331,Triangle,NACE,877,1,,NPS,209,,0000,,0000,RES 02090000,,"Maryland Ave., Between 10th & E Sts., NE",{EBBD6019-AC1D-4375-8A20-6869B830AE03},,,,,0,0
309,ParkPly_332,Commerce Building Plaza (Pershing Square),NACC,893,"8, 9",,NPS,617,Pershing Square,0226,,0000,RES 06170000,,"Pennsylvania Ave. & E st. To 14th & 15th Sts., NW",{10F7B29D-8C13-4EF2-85B0-D2B351687537},,,,,0,0
310,ParkPly_333,Triangle,NACC,0,1,1965/08/03 00:00:00+00,NPS,102,,0000,,0000,RES 01020000,,Virginia Ave. & E St. NW,{E064EAD8-1A99-481C-8259-C143F75F275F},,,,,0,0
311,ParkPly_334,Triangle,NACE,877,1,,NPS,208,,0000,,0000,RES 02080000,,"Maryland Ave., Between 9th & E Sts., NE",{2D50B2F0-032C-4686-ACFD-39CD81355DDD},,,,,0,0
312,ParkPly_335,Park (Adjoining Dept. of State),NACC,893,"8, 9",,NPS,720,,0083,,0000,RES 07200000,,"Virginia Ave. & 22nd St., NW",{E3B66503-C8C2-48B2-83BC-2DB9DBC18ED5},,,,,0,0
313,ParkPly_336,Triangle,NACC,875,1,,NPS,104,,0083,,0809,0083    0809,,"Virginia Ave., between 21st & D St NW",{084A4094-CA17-4C37-858F-CDDD1BE5568C},,,,,0,0
314,ParkPly_337,Rawlins Park,NACC,819,1,,NPS,013,Rawlins Park,0143,,0000,RES 00130000,,"E st., Between 18th & 19th sSs. NW",{29F4BCA9-D39C-42EB-B18B-DC11549C7D5A},,,,,0,0
315,ParkPly_338,Walt Whitman Park,NACC,865,"8, 9",,NPS,715,Walt Whitman Park,0123,,0000,RES 07150000,,"E st., Between 19th & 20th Sts., NW",{B488499B-B4B1-4242-A6E8-08F1CFDA1368},,,,,0,0
316,ParkPly_339,Triangle,NACC,875,1,,NPS,106,,0104,S,0012,0104S   0012,,"New York Ave., Between Virginia Ave & 20th St., NW",{6C8C584A-9376-46FD-A30B-D7F005138C77},,,,,0,0
317,ParkPly_340,Edward J. Kelly Park,NACC,875,1,,NPS,105,Edward J. Kelly Park,0087,E,0000,RES 01050000,,"Virginia Ave., between 21st & New York Ave., NW",{ADCD6044-2762-474B-A8A4-B1E6A49F69C0},,,,,0,0
318,ParkPly_341,Triangle,NACC,875,1,,NPS,082,,0000,,0000,RES 00820000,,"Massachusetts Ave., Between 2nd & D Sts., NE",{3919C153-6AB7-4FCF-BDB7-FC4C448F7C92},,,,,0,0
319,ParkPly_342,Triangle,NACE,877,1,,NPS,207,,0000,,0000,RES 02070000,,"Maryland Ave., Between 7th & D Sts., NE",{CA295876-2EE7-4D83-BA1A-715130745297},,,,,0,0
320,ParkPly_343,"West Potomac Park, Lincoln Mem., Viet. Vet. Mem., FDR Mem",NACC,801,9,,NPS,332,National Mall & Memorial Parks,0000,,0000,RES 03320000,,"Constitution Ave., Between 17th st. & the Potomac River",{1C9492FC-7358-47C6-8B0F-EE9F6BAC5EB9},,,,,0,0
321,ParkPly_344,Triangle,NACC,876,1,,NPS,187,,0000,,0000,RES 01870000,,"Indiana Ave., Between 3rd & D Sts., NW",{871D1445-5766-46B0-9176-FC04D5B44997},,,,,0,0
322,ParkPly_345,Triangle,NACE,877,1,,NPS,206,,0000,,0000,RES 02060000,,"Maryland Ave. & D st., East Of 9th St., NE",{6EE93EAF-C881-4885-AFA5-73D8CC126F56},,,,,0,0
323,ParkPly_346,Triangle,NACC,875,1,,NPS,083,,0000,,0000,RES 00830000,,"Massachusetts Ave., Between 3rd & D Sts., NE",{501DF908-5080-4B8F-A198-871AEFAD630E},,,,,0,0
324,ParkPly_347,,NAMA,,<Null>,,NPS,728,,0632,,0000,RES 07280000,,"D St., Louisiana & New Jersey Aves., NW",{1832BB3B-3642-4840-8620-0460F710CE67},,,,,0,0
325,ParkPly_348,Park (Part of Sq. E 87),NACE,892,9,,NPS,378,,0087,E,0000,RES 01050000,,"Virginia & New York Aves. To 20th & 21st Sts., NW",{F81C7412-BF60-4F30-9EFA-D9801EA37EA1},,,,,0,0
326,ParkPly_349,Stanton Park,NACE,820,1,,NPS,015,Stanton Park,0813,S,0000,RES 00150000,,"C St., Between 4th & 6th Sts., NE",{042C6B11-AD72-4E77-A9B0-DBDCA9994613},,,,,0,0
327,ParkPly_350,Triangle,NACC,840,1,,NPS,036,,0432,S,0000,RES 00360000,,"7th & 9th Sts. To Above Pennsylvania Ave., NW",{5EE806A5-4960-4E6E-8C2D-615B141106C6},,,,,0,0
328,ParkPly_351,Triangle ( FDR Memorial Stone),NACC,840,1,,NPS,035,FDR Memorial Stone,0432,S,0000,RES 00360000,,"9th St., Below Pennsylvania Ave., NW",{76372821-3E8D-49CD-996C-DBC293A7C069},,,,,0,0
329,ParkPly_352,Circle,NACC,840,8,,NPS,036A,,0459,,0000,RES 036A0000,,"Indiana Ave., Between 7th & C Sts., NW",{B5095345-ED11-4D94-B96E-484217562B69},,,,,0,0
330,ParkPly_353,Triangle,NACC,875,1,,NPS,108,,0128,,0000,RES 01080000,,"Virginia Ave., Between 19th & C Sts., NW",{2B3E2B87-A2D1-496C-803C-5540B099A5EA},,,,,0,0
331,ParkPly_354,"The Mall, L'enfant Square",NACC,802,1,,NPS,03A,,0432,S,0000,RES 00350000,,"9th To 7th St., NW & Constitution Ave., Nw To Independence Avenue, SW",{11B72D81-ED15-4B59-9ED1-ACD418188D01},,,,,0,0
332,ParkPly_355,,NAMA,,<Null>,,NPS,727,,0633,,0000,RES 07270000,,"Louisiana Ave., C & 1st Sts., NW",{A3192750-4DCC-40DA-8ACD-677A28C8E4BB},,,,,0,0
333,ParkPly_356,Triangle,NACC,892,9,,NPS,383,,0146,,0000,RES 03830000,,"Virginia Ave., Between 18th & C Sts., NW",{076FA7B5-828B-4F57-A5DC-365B6FC4FE30},,,,,0,0
334,ParkPly_357,Fort Circle Park,NACE,832,6,,NPS,500,Fort Circle Park,"5083,5084,5396,5397,5398,5400,5403,5407",,0000,RES 05000000,,"Fort Mahan Park To Fort Dupont Park, SE",{667795D9-754D-4C10-B262-2D2F88438979},,,,,0,0
335,ParkPly_358,Square 147 (Pan American Annex),NACC,892,9,,NPS,384,,0147,,0000,RES 03840000,,"Virginia & Constitution Aves. To 18th & 19th Sts., NW",{F334F3C1-9476-425B-82F6-6F64D53F9D15},,,,,0,0
336,ParkPly_259,"Anacostia Park, Section F",NACE,831,"6, 9",,NPS,343F,Anacostia Park,0000,,0000,RES 343F0000,,"Anacostia River, Between Benning & Railroad Bridges",{8E376546-2AA1-4B8E-B0F2-32F112FA1768},,,,,0,0
337,ParkPly_260,"Anacostia Park, Section F",NACE,831,"6, 9",,NPS,343F,Anacostia Park,0000,,0000,RES 343F0000,,"Anacostia River, Between Benning & Railroad Bridges",{B761DFE1-10E6-4649-BBF1-86290DAAA003},,,,,0,0
338,ParkPly_261,,NAMA,,<Null>,,NPS,332A,,0088,,0000,RES 332A0000,,"Constitution Ave., between 21st & 22nd Sts., NW",{8F53EA65-FB9D-4DC8-A74B-F2B41EA43C3C},,,,,0,0
339,ParkPly_262,Curb Parking,NACC,801,2,,NPS,332B,,"0062,0063",,0000,RES 332B0000,,"Constitution Ave., Between 22nd & 23rd Sts., NW",{66A2917B-7A98-44DD-B335-130391D81DAA},,,,,0,0
340,ParkPly_263,Triangle - Mellon Fountain,NACC,892,"3, 8",,NPS,546,Mellon Fountain,0461,E,0000,RES 05460000,,"6th st., Between Pennsylvania & Constitution Aves.",{C7241BA8-68D1-4994-BDC2-0F498D692B0F},,,,,0,0
341,ParkPly_264,Triangle,NACC,875,1,,NPS,110,,0000,,0000,RES 01100000,,"Constitution Ave. & 18th St., NW",{368B48DB-C8CF-4DA2-9901-5F9213EAD002},,,,,0,0
342,ParkPly_265,Triangle,NACE,877,1,,NPS,205,,0000,,0000,RES 02050000,,"Maryland Ave., Between 3rd & Constitution Ave., NE",{9EC11D99-CC32-4065-8111-0F3F27749C61},,,,,0,0
343,ParkPly_266,"Anacostia Park, Section F",NACE,831,"6, 9",,NPS,343F,Anacostia Park,0000,,0000,RES 343F0000,,"Anacostia River, Between Benning & Railroad Bridges",{678A27CF-52D7-4AF2-B446-2AB00742E60B},,,,,0,0
344,ParkPly_267,Triangle,NACE,893,10,,NPS,718A,,5086,,0000,RES 718A0000,,"42nd & Blaine St., NE",{64B80F55-3B4E-4570-81E6-22CC43FCE160},,,,,0,0
345,ParkPly_268,Triangle,NACE,877,1,,NPS,205,,0000,,0000,RES 02050000,,"Maryland Ave., Between 3rd & Constitution Ave., NE",{60476E37-99B9-4793-96D3-922334E1D265},,,,,0,0
346,ParkPly_269,Triangle,NACE,893, 10,,NPS,718,,5086,,0000,RES 07180000,,"Benning Rd. & Blaine St., NE",{D21E2A76-E505-472A-BDB1-54E9FD9A5736},,,,,0,0
347,ParkPly_270,Triangle - Mellon Fountain,NACC,892,"3, 8",,NPS,546,,0461,E,0000,RES 05460000,,"6th st., Between Pennsylvania & Constitution Aves.",{256570E5-B8F3-4394-84C8-20D1CCB0F462},,,,,0,0
348,ParkPly_271,Washington Monument & Grounds,NACC,807,1,,NPS,002,Washington Monument & Grounds,0000,,0000,RES 00020000,,"14th To 17th Sts., E St. To Constitution Ave., NW",{C2C179A2-FD31-4BA8-8203-292221B7B528},,,,,0,0
349,ParkPly_272,"The Mall, Smithsonian Grounds",NACC,802,1,,NPS,003,The National Mall,PAR ,,0006,PAR 03160006,0316,"12th To 9th Sts NW & Constitution Ave., NW To Independence Ave.",{C45970D5-64B2-4C59-8534-0570A505C93E},,,,,0,0
350,ParkPly_273,The Mall,NACC,802,"1, 7, 9",,NPS,04 & 5,The National Mall,PAR ,,0007,PAR 03160007,0316,"7th To 6th St. NW & Constitution Ave., To Independence Avenue, SW",{1B83FD54-190B-4D6F-AED6-D07D02A22FF5},,,,,0,0
351,ParkPly_274,Triangle,ROCR,892,"3, 8",,NPS,553,,0533,S,0000,RES 05530000,,"3rd st., Between Pennsylvania & Constitution Ave.,",{31D07CBD-FFED-48BC-AFFF-989E55C9E78D},,,,,0,0
352,ParkPly_275,Triangle,NACE,877,1,,NPS,204,,0000,,0000,RES 02040000,,"Maryland Ave., Between 2nd & Constitution Ave., NE",{FC40E160-75E6-4815-B094-9377E6769ED6},,,,,0,0
353,ParkPly_276,Triangle,NACE,877,1,,NPS,204,,0000,,0000,RES 02040000,,"Maryland Ave., Between 2nd & Constitution Ave., NE",{2C6D960A-BFF7-42BD-B9FC-37A2975CF8DE},,,,,0,0
354,ParkPly_277, , ,0, ,,NPS,DELETE,,1128,,0804,1128    0804,, ,{EC7541B5-75A1-488D-961C-C084D7EF5EC6},,,,,0,0
355,ParkPly_278,Lincoln Park,NACE,810,1,,NPS,014,Lincoln Park,0988,,0000,RES 00140000,,"East Capitol St., Between 11th &13th Sts., NE & SE",{D2FB7810-5F2B-4231-A281-AD4338BA78C6},,,,,0,0
356,ParkPly_279,Lady Bird Johnson Park (Columbia Island),GWMP,835,9,,NPS,344,Lady Bird Johnson Park,PAR ,,0001,PAR 03170001,,Between Potomac River & Boundary Channel,{1D9056D3-66BF-435C-A50D-EE4F7A3AD5D1},,,,,0,0
357,ParkPly_280,"Anacostia Park, Section F",NACE,831,"6, 9",,NPS,343F,Anacostia Park,0000,,0000,RES 343F0000,,"Anacostia River, Between Benning & Railroad Bridges",{989881BE-2725-4416-8AF1-E4864F0D72DF},,,,,0,0
358,ParkPly_281,Triangle,NACE,893,8,,NPS,669,,0000,,0000,RES 06690000,,"Central Ave., Between 50th & East Capitol Sts., SE",{20885F33-5069-46BC-A1C0-8F104CA17B85},,,,,0,0
359,ParkPly_379,Fort Chaplin Park,NACE,881,6,,NPS,609,Fort Chaplin Park,"5404,5406",,0000,RES 06090000,,"South Of East Capitol St., Between Chaplin St. & T St.",{D6003BD0-EF0B-4AAD-8A40-29287D022180},,,,,0,0
360,ParkPly_380,Fort Circle Park,NACE,832,6,,NPS,500,Fort Circle Park,"5083,5084,5396,5397,5398,5400,5403,5407",,0000,RES 05000000,,"Fort Mahan Park To Fort Dupont Park, SE",{BB65939A-F14C-4A8D-AAC3-A4834F7EB2D0},,,,,0,0
361,ParkPly_381,"Anacostia Park, Section F",NACE,831,"6, 9",,NPS,343F,Anacostia Park,1121,,0802,1121    0802,,"Anacostia River, Between Benning & Railroad Bridges",{0E1DCBBE-8A29-4922-9888-E41AC867555A},,,,,0,0
362,ParkPly_382,Triangle,NACC,877,1,,NPS,201,,0000,,0000,RES 02010000,,"Maryland Ave., Between 3rd & Independence Ave., SW",{B9A68C35-156F-427B-93A5-16699540013A},,,,,0,0
363,ParkPly_383,Center Parking,NACE,840,8,,NPS,037A,,0762,,0000,RES 037A0000,,"Pennsylvania Ave., Between 2nd & 3rd Sts.SE",{FBFF2176-2107-41C2-AD7A-1AF0FA9F44E9},,,,,0,0
364,ParkPly_384,Center Parking,NACE,840,8,,NPS,037A,,0762,,0000,RES 00370000,,"Pennsylvania Ave., Between 2nd & 3rd Sts.SE",{76530720-5546-4E67-95FA-C1E76414D89B},,,,,0,0
365,ParkPly_385,Center Parking,NACE,840,8,,NPS,037A,,0762,,0000,RES 00370000,,"Pennsylvania Ave., Between 2nd & 3rd Sts.SE",{4955432E-DE6E-439A-A82C-F37F8BBEFD40},,,,,0,0
366,ParkPly_386,"The Mall, Seaton Park, West",NACC,802,"1,  7, 9",,NPS,005,,0492,N,0800,0492N   0800,,"6th To 4th., NW & Constitution NW To Independence",{C4D9EAC3-9212-4903-9C46-DB44BF56556A},,,,,0,0
367,ParkPly_387,Center Parking,NACE,840,8,,NPS,037A,,0762,,0000,RES 037A0000,,"Pennsylvania Ave., Between 2nd & 3rd Sts.SE",{1457A951-1334-40C1-B115-9701F7B61A4F},,,,,0,0
368,ParkPly_388,Center Parking,NACE,840,8,,NPS,037B,,0790,,0000,RES 037B0000,,"Pennsylvania Ave., Between 3rd & 4th Sts.SE",{C88780DA-B6C8-4D8B-9446-1C8BB81DA206},,,,,0,0
369,ParkPly_389,Triangle,NACE,840,1,,NPS,040,,0819,S,0000,RES 00400000,,"Pennsylvania Ave., Between 5th & C Sts.SE",{C9A537A0-BF70-43F9-852A-343B7BA0EC41},,,,,0,0
370,ParkPly_390,Fort Circle Park,NACE,832,6,,NPS,500,Fort Circle Park,"5083,5084,5396,5397,5398,5400,5403,5407",,0000,RES 05000000,,"Fort Mahan Park To Fort Dupont Park, SE",{C670819D-1C11-4228-B7AD-F8C548773DB3},,,,,0,0
371,ParkPly_391,Center Parking,NACE,840,8,,NPS,038A,,0819,S,0000,RES 038A0000,,"Pennsylvania Ave., Between North Carolina Ave. & 4th St, SE",{081434F9-F5FF-44AD-B55D-5E7EC6AC4697},,,,,0,0
372,ParkPly_392,Triangle,NACE,840,1,,NPS,042,,0843,S,0000,RES 00430000,,"North Carolina & Pennsylvania Ave. To 5th & C Sts, SE",{2E206731-BEB0-4F60-8F98-2317CFAE8CD6},,,,,0,0
373,ParkPly_393,Park,NACC,875,1,,NPS,113,,0000,,0000,RES 01130000,,"C St., Between 7th & 9th Sts., SW",{3F1731C6-1CC9-45AF-A996-FE1ED77C2F23},,,,,0,0
374,ParkPly_394,Triangle,NACE,840,1,,NPS,039,,0819,S,0000,RES 00380000,,"North Carolina Ave., Between 5th & C Sts., SE",{E0ECF75E-9BEC-40AB-A479-2BEC6EA03D94},,,,,0,0
375,ParkPly_395,Center Parking,NACE,840,8,,NPS,041A,,0843,S,0000,RES 041A0000,,"Pennsylvania Ave., Between North Carolina Ave. & 6th St., SE",{AAF499D6-A3D4-4BC2-916E-90724C6C24B7},,,,,0,0
376,ParkPly_396,Triangle,NACE,840,1,,NPS,041,,0819,S,0000,RES 00390000,,"Pennsylvania Ave., Between 5th & C Sts.SE",{C58D89A1-7E68-4116-96BD-E3B3C90D39F7},,,,,0,0
377,ParkPly_397,Center Parking,NACE,840,8,,NPS,041B,,0874,,0000,RES 041B0000,,"Pennsylvania Ave, Between 6th & 7th sts., SE",{117B3F8D-7C94-4390-B8C0-35065CF0FFDA},,,,,0,0
378,ParkPly_398,,,,<Null>,,NPS,198,,0352,,0000,RES 01980000,,"1901 Maryland Ave., between 10th & D Sts., SW",{474EE73E-5C6B-487C-920B-9CF676D34E57},,,,,0,0
379,ParkPly_399,Triangle,NACC,875,1,,NPS,115,,0000,,0000,RES 01150000,,"Virginia Ave., Between 6th & D Sts., SW",{AA4B8F70-5703-4FE9-BC4F-F4AEA21EEE33},,,,,0,0
380,ParkPly_400,Folger Park,NACE,822,1,,NPS,016,Folger Park,0763,S,0000,RES 00160000,,"D St., Between 2nd & 3rd Sts., SE",{549FAEC7-A442-4665-B023-1CAC33A6C76F},,,,,0,0
381,ParkPly_401,,,,<Null>,,NPS,6F,,0640,,0000,RES 006F0000,,"Washington Ave. (Canal St.), between D & South Capitol Sts., NW",{DD2DBD32-FED0-48A1-8337-AB47627FFDA0},,,,,0,0
382,ParkPly_402,,NAMA,,<Null>,,NPS,197,,0000,,0000,RES 01970000,,"1901 Maryland Ave., between 12th & D Sts., SW",{F8DE41FA-A940-4478-B07D-A0F13D551E9E},,,,,0,0
383,ParkPly_403,Fort Circle Park,NACE,832,6,,NPS,500,Fort Circle Park,5397,,0800,5397    0800,,"Fort Mahan Park To Fort Dupont Park, SE",{10DE655E-35E4-4782-A3FB-1661D32F8E96},,,,,0,0
384,ParkPly_404,Center Parking,NACE,840,1,,NPS,044A,,0901,S,0000,RES 044A0000,,"Pennsylvania  Ave., Between 7th & 8th sts., SE",{87303F2B-23D6-4DD1-916C-088A7D999E32},,,,,0,0
385,ParkPly_405,Center Parking,NACE,840,8,,NPS,047A,,0924,S,0000,RES 047A0000,,"Pennsylvania Ave., Between 8th & 9th Sts.SE",{EFAE8A6E-C4D3-4D06-B33B-5AD96ABF8E14},,,,,0,0
386,ParkPly_406,Center Parking,NACE,840,8,,NPS,047B,,0948,,0000,RES 047B0000,,"Pennsylvania Ave., Between 9th & 10th Sts.SE",{3B1751C3-CF2C-4E35-8580-B5B2A5379DF9},,,,,0,0
387,ParkPly_407,,,,<Null>,,NPS,6G,,0000,,0000,RES 006G0000,,"South Capitol St., between Washington Ave. (Canal St.) and E St., SW
",{A61A2047-C78E-47BA-8F62-9F09BCB8EE67},,,,,0,0
388,ParkPly_408,,,,<Null>,1969/01/30 00:00:00+00,NPS,229,,0000,,0000,RES 02290000,,"North Carolina Ave., between E St. & east of 1st St., SE",{E4733B94-3D0F-4503-9649-B03AD176FD99},,,,,0,0
389,ParkPly_409,Fort Dupont Park,NACE,883,"5, 6, 7, 10",,NPS,405,Fort Dupont Park,MULTI-SQUARES & PARCELS,,0000,RES 04050000,,"Minnesota & Massachusetts Aves., SE",{F0E152A5-10FE-4757-9C9B-D262C47F7DC8},,,,,0,0
390,ParkPly_410,Center Parking,NACE,840,8,,NPS,050A,,0973,,0000,RES 050A0000,,"Pennsylvania Ave., Between 10th & 11th Sts., SE",{8F6AD55E-20CF-46F3-9168-0D72128A04FD},,,,,0,0
391,ParkPly_411,,NAMA,,<Null>,,NPS,120,,0000,,0000,RES 01200000,,"Virginia Ave., between Delaware Ave. & E St., NW",{0B5AD259-E78D-42C9-96AD-1344E74754E1},,,,,0,0
392,ParkPly_412,Marion Park,NACE,823,1,,NPS,018,Marion Park,0821,S,0000,RES 00180000,,"E st., Between 4th & 6th Sts., SE",{166979F9-A608-4F36-A77D-A1A405D99C56},,,,,0,0
393,ParkPly_413,Triangle,NACE,840,1,,NPS,050,,0973,,0000,RES 00500000,,"Pennsylvania Ave., Between 10th & E Sts., SE",{10301FA4-F7C1-42CE-B336-665EF9BE62AF},,,,,0,0
394,ParkPly_414,,,,<Null>,,NPS,,,5295,,0812,5295    0812,,,{A28F2D9A-D7D1-442C-B00A-CC551E9442A6},,,,,0,0
395,ParkPly_415,Center Parking,NACE,840,1,,NPS,051A,,0994,,0000,RES 051A0000,,"Pennsylvania Ave., Between 11th & 12th Sts., SE",{14914181-2932-4FEE-8445-A7A30CAD10F1},,,,,0,0
396,ParkPly_416,Triangle,NACE,840,1,,NPS,051,,0994,,0000,RES 00510000,,"Pennsylvania Ave., Between 12th & E Sts., SE",{85B5E56F-A54C-4116-987A-109157718A07},,,,,0,0
397,ParkPly_417,East Potomac Park,NACC,805,9,,NPS,333,East Potomac Park,PAR ,,0005,PAR 03160005,0316,"Hains Pt. Below Long Railroad Bridge, SW",{AC9EB676-3356-4A4C-84B4-8D57AC44D43D},,,,,0,0
398,ParkPly_418,,,,<Null>,,NPS,,,5295,,0813,5295    0813,,,{8FF42D96-58C5-4BC2-9E41-3ED149375F21},,,,,0,0
399,ParkPly_419,Center Parking,NACE,840,8,,NPS,052A,,1019,S,0000,RES 052A0000,,"Pennsylvania Ave., Between 12th & 13th Sts., SE",{03B08407-4CB5-46CC-B994-3C50018BAA72},,,,,0,0
400,ParkPly_420,,,,<Null>,,NPS,,,5296,,0810,5296    0810,,,{B367691E-BF5B-42D8-9BC5-5D539FFF99BB},,,,,0,0
401,ParkPly_421,Benjamin Banneker Park,NACC,893,9,,NPS,719,Benjamin Banneker Park,"0355,0389",,0000,RES 07190000,,"10th St. Overlook & Maine Ave., SW",{D33D154B-504C-41DD-BE63-5E9C194C730F},,,,,0,0
402,ParkPly_422,,,,<Null>,,NPS,,,5287,,0803,5287    0803,,,{1D8BB5F5-7C42-4D7B-999B-75B6E2E81B0C},,,,,0,0
403,ParkPly_423,Triangle,NACE,840,8,,NPS,052,,1019,S,0000,RES 00520000,,"Pennsylvania Ave., Between 13th & G Sts., SE",{9B69D2B0-4742-4508-B833-CA3324D1AFCF},,,,,0,0
404,ParkPly_424,Center Parking,NACE,840, ,,NPS,053A,,1044,,0000,RES 053A0000,,"Pennsylvania  Ave., Between 13th & 14th sts., SE",{79339ED3-5E45-4D1E-A01F-92F72E5C6090},,,,,0,0
405,ParkPly_425,,,,<Null>,,NPS,,,5298,,0803,5298    0803,,,{DF8422F6-C300-4813-9B58-42889230E044},,,,,0,0
406,ParkPly_426,,,,<Null>,,NPS,,,5297,,0803,5297    0803,,,{92B0CD39-E3B9-46CA-B728-71AE733341F2},,,,,0,0
407,ParkPly_427,Triangle,NACE,840, ,,NPS,054,,1044,,0000,RES 053A0000,,"Pennsylvania  Ave., Between Potomac & 14th sts., SE",{DE12798C-F19E-41EF-951A-734F8DAECED5},,,,,0,0
408,ParkPly_428, , ,0, ,,NPS,054M,,0000,,0000,RES 054E0000,, ,{3048B125-4996-4AE8-9464-872E6DDB9C04},,,,,0,0
409,ParkPly_429,Triangle,NACE,840, ,,NPS,054E,,1046,NE,0000,RES 00540000,,North Side Pennsylvania  Ave. At Potomac Ave,{DA22C6D7-BF9B-444D-AD54-D9A787E015AA},,,,,0,0
410,ParkPly_430,Triangle,NACE,840, ,,NPS,054F,,1046,NE,0000,RES 054D0000,,"South Side Pennsylvania Ave. At Potomac Ave., SE",{4B1E1F6E-D6E8-4B61-A769-B938C7CF81AB},,,,,0,0
411,ParkPly_431,Center Parking,NACE,840, ,,NPS,054D,,1046,NE,0000,RES 054C0000,,"Pennsylvania  Ave & Potomac Aves., SE",{E7A21FE7-71A3-472C-B9D3-507572A5F8E2},,,,,0,0
412,ParkPly_432,Center Parking,NACE,840, ,,NPS,054A,,1065,,0000,RES 054A0000,,"Pennsylvania  Ave., Between 14th & 15th sts., SE",{995C57BD-FCD5-4C64-9873-02492F152744},,,,,0,0
413,ParkPly_433,Triangle,NACE,840, ,,NPS,054C,,0000,,0000,RES 054F0000,,"Pennsylvania  Ave., Between Potomac & 14th sts., SE",{D9091930-0182-44BA-BB8B-7A328E92B277},,,,,0,0
414,ParkPly_434,Center Parking,NACE,840, ,,NPS,054B,,1078,,0000,RES 054B0000,,"Pennsylvania  Ave., Between 15th & 16th sts., SE",{4C6A9379-2951-4AD5-8E75-450A0A95443C},,,,,0,0
415,ParkPly_435,Triangle,NACE,875,1,,NPS,122,,0000,,0000,RES 01220000,,"Virginia Ave., & I St. To 4th & 5th Sts., SE",{3CAC26B2-B353-4512-9BA4-212BC36568B3},,,,,0,0
416,ParkPly_436,,,,<Null>,,NPS,289,,0000,,0000,RES 02890000,,"1901 Washington Ave. (Canal St.) & New Jersey Ave., SE",{94D68EF9-EEEE-4931-88A6-28B563BDA40A},,,,,0,0
417,ParkPly_437,Triangle,NACE,875,1,,NPS,124,,0000,,0000,RES 01240000,,"Virgina Ave., Between West Side Of 7th & K sts., SE",{0132497C-1F77-45BF-BBEC-F580E9FF9F43},,,,,0,0
418,ParkPly_438,Randle Circle,,,<Null>,,NPS,726,Randle Circle,0000,,0000,RES 07260000,,"Massachusetts Ave., Minnesota Ave., and 32nd St., SE",{68E5A713-8743-4C51-AD87-388D199581A9},,,,,0,0
419,ParkPly_439,Triangle,NACE,875,8,,NPS,124A,,0000,,0000,RES 124A0000,,"Virginia Ave., Between West Side Of 7th & K Sts., SE",{B494546B-89DE-49C7-B443-039BD29A5C50},,,,,0,0
420,ParkPly_440,"Anacostia Park, Section D",NACE,831,"6, 9",,NPS,343D,Anacostia Park,PAR ,,0037,PAR 02170037,0217,"Anacostia River, Between Sousa & 11th St. Bridges,",{F0E9AAF5-F805-4B21-BCCC-4B0F5BF0C618},,,,,0,0
421,ParkPly_441,Twining Square,NACE,892,8,,NPS,487,Twining Square,5560,,0000,RES 487C0000,,"Pennsylvania Ave., Between Minnesota Ave. & 25th St., SE",{148C9572-2290-4FC1-B8AE-B4D5072056F0},,,,,0,0
422,ParkPly_359,Center Parking,NACE,892,8,,NPS,487A,,5556,,0000,RES 04870000,,"Pennsylvania Ave., East Of Minnesota., SE",{CAAFE9A1-9147-4438-87F1-303099AE48AF},,,,,0,0
423,ParkPly_360,Center Parking,NACE,892, ,,NPS,487B,,5556,,0000,RES 04870000,,"Pennsylvania Ave., East Of Minnesota., SE",{2C9199C5-033B-475C-9457-1B0EA9DF3750},,,,,0,0
424,ParkPly_361,Center Parking,NACE,892, ,,NPS,487C,,5560,,0000,RES 04870000,,"Pennsylvania Ave., West Of Minnesota., SE",{417E4B30-C6AC-43BE-95DF-227BBE515CB9},,,,,0,0
425,ParkPly_362,Center Parking,NACE,892, ,,NPS,487D,,5560,,0000,RES 04870000,,"Pennsylvania Ave., East Of Prout St., SE",{84488CD6-0F70-4E56-9E3F-1F1206092761},,,,,0,0
426,ParkPly_363,Triangle,NACE,892,8,,NPS,336A,,5551,,0000,RES 336A0000,,"Pennsylvania Ave., Between O & 28th Sts., SE",{831FB190-E9EC-4902-B2C1-20E7C03D5219},,,,,0,0
427,ParkPly_364,Fort Circle Park,NACE,832,"6, 8",,NPS,518,Fort Circle Park,MULTI-SQUARES & PARCELS,,0000,RES 05180000,,"Fort Dupont To Fort Stanton Park, SE",{0A9C7D57-43AD-42E9-9ABA-F076FFFCDE95},,,,,0,0
428,ParkPly_365,Fort Circle Park,NACE,832,"6, 8",,NPS,518,Fort Circle Park,MULTI-SQUARES & PARCELS,,0000,RES 05180000,,"Fort Dupont To Fort Stanton Park, SE",{3AC7E9FD-D66C-4020-B796-66038C93CDB3},,,,,0,0
429,ParkPly_366,Fort Circle Park,NACE,832,"6, 8",,NPS,518,Fort Circle Park,MULTI-SQUARES & PARCELS,,0000,RES 05180000,,"Fort Dupont To Fort Stanton Park, SE",{385F6461-5D67-4FD4-A527-4F40748B65A3},,,,,0,0
430,ParkPly_367,Fort Davis,NACE,882,"8, 9",,NPS,336,Fort Davis,0000,,0000,RES 03360000,,"Pennsylvania & Alabama Aves., SE",{90D6DA48-0B3B-4E8E-8301-8C4FFB8CA52D},,,,,0,0
431,ParkPly_368,Fort Circle Park,NACE,832,"6, 8",,NPS,518,Fort Circle Park,5634,,0804,5634    0804,,"Fort Dupont To Fort Stanton Park, SE",{C0312DBA-5ED9-4564-A70E-8197C1BFD1B5},,,,,0,0
432,ParkPly_369,Triangle,NACE,878,1,,NPS,296,,0000,,0000,RES 02960000,,"Water St., Between Half & T Sts., SW",{3712A33D-29B5-4762-87B5-3C2BD8E9A695},,,,,0,0
433,ParkPly_370,Fort Circle Park,NACE,832,"6, 8",,NPS,518,Fort Circle Park,MULTI-SQUARES & PARCELS,,0000,RES 05180000,,"Fort Dupont To Fort Stanton Park, SE",{3B09F74A-64A8-46DA-AA5C-4D820FABAC84},,,,,0,0
434,ParkPly_371,Square E. 667,NACE,878,1,,NPS,295,,0667,E,0000,RES 02950000,,"Half & North Side Of V sts., SW",{D738FAC4-DBE0-4C06-AEF3-44F1373384D3},,,,,0,0
435,ParkPly_372,Fort Circle Park,NACE,832,"6, 8",,NPS,518,Fort Circle Park,MULTI-SQUARES & PARCELS,,0000,RES 05180000,,"Fort Dupont To Fort Stanton Park, SE",{93051104-9245-4887-82BE-75F4555AE4A8},,,,,0,0
436,ParkPly_373,Park,NACE,892,9,,NPS,467,,0613,,0000,RES 04670000,,"V St., Between 1st & Canal Sts., SW",{D3ECAA4D-56B3-44C3-BA72-B582E963D64B},,,,,0,0
437,ParkPly_374,Triangle,NACE,892,10,,NPS,562,,0667,E,0000,RES 02950000,,"Water & V Sts., At Bulkhead, SE",{41D4168B-B361-4BEE-A768-2D19D69C3499},,,,,0,0
438,ParkPly_375,Buzzard Point,NACE,893,6,,NPS,629,Buzzard Point,0667,S,0804,0667S   0804,,"Anacostia River, Between 1st & Water Sts., SW",{92DF9350-21CE-42F7-AE57-78FF956BA7DF},,,,,0,0
439,ParkPly_376,Frederick Douglass Home,NACE,833,10,,NPS,716,Frederick Douglass Home,PAR ,,0006,PAR 02250006,0225,"1411 W St., SE",{E81E96C8-AB0D-4924-90D4-BEAB1BC0D776},,,,,0,0
440,ParkPly_377,Fort Circle Park,NACE,832,"6, 8",,NPS,518,Fort Circle Park,MULTI-SQUARES & PARCELS,,0000,RES 05180000,,"Fort Dupont To Fort Stanton Park, SE",{23BBAD14-A28A-4D90-9EE2-767BCCACB396},,,,,0,0
441,ParkPly_378,Fort Stanton Park,NACE,888,"5, 6, 8",,NPS,412,Fort Stanton Park,"5744,5749,5751,5752,5755,5778,5797,5815,5818,5819",,,RES 04120000,,"North Of Erie St., Between Pearson Pl. & 16th Sts., SE",{6F1F0AD2-724D-4713-AB94-27C1B7F8180D},,,,,0,0
442,ParkPly_442,Fort Circle Park,NACE,832,"6, 8",,NPS,518,Fort Circle Park,5740,,0032,5740    0032,,"Fort Dupont To Fort Stanton Park, SE",{2A71D6D8-2C9A-4033-9268-FE0C5660FDC9},,,,,0,0
443,ParkPly_443,Battery Ricketts,NACE,832,6,,NPS,575,Battery Ricketts,5745,,0060,5745    0060,,"Fort Pl. Between Pearson & Bruce Pl., SE",{45FDC26B-5CEC-453A-9226-F7F288A5001F},,,,,0,0
444,ParkPly_444,Fort Circle Park,NACE,832,"6, 9",,NPS,519,Fort Circle Park,"5744,5819,5833,5834,5876,5880,5884",,,RES 05190000,,"Fort Stanton Park To St. Elizabeth Hospital, SE",{02E7D6F4-D0E6-492D-B065-693A75BE6DD3},,,,,0,0
445,ParkPly_445,Fort Circle Park,NACE,832,"6, 9",,NPS,519,Fort Circle Park,"5744,5819,5833,5834,5876,5880,5884",,,RES 05190000,,"Fort Stanton Park To St. Elizabeth Hospital, SE",{2A4E72A2-27EB-490D-AD77-EB6F619FACD3},,,,,0,0
446,ParkPly_446,Shepherd Parkway,NACE,848,"5, 6, 9",,NPS,421,Shepherd Parkway,0000,,0000,RES 04210000,,"South Capitol St. & 2nd St., SE & SW",{2F1E4EFE-78BB-4330-A252-2C491103FB64},,,,,0,0
447,ParkPly_447,Fort Circle Park,NACE,832,"6, 9",,NPS,519,Fort Circle Park,"5744,5819,5833,5834,5876,5880,5884",,,RES 05190000,,"Fort Stanton Park To St. Elizabeth Hospital, SE",{F08C4C2C-737D-49CB-BABB-0A47A3190BA6},,,,,0,0
448,ParkPly_448,Shepherd Parkway,NACE,848,"5, 6, 9",,NPS,421,Shepherd Parkway,0000,,0000,RES 04210000,,"South Capitol St. & 2nd St., SE & SW",{913FFBC4-65F0-468A-9A6A-1BC6EBC60BE6},,,,,0,0
449,ParkPly_449,Shepherd Parkway,NACE,848,"5, 6, 9",,NPS,421,Shepherd Parkway,0000,,0000,RES 04210000,,"South Capitol St. & 2nd St., SE & SW",{C809C8F0-4D5E-4058-850A-4D54D3869B13},,,,,0,0
450,ParkPly_450,Oxon Run Parkway,NACE,856,6,,NPS,501,Oxon Run Parkway,0000,,0000,RES 05010000,,"Mississippi Ave., Between 1st St. & Southern Ave., SE",{DFBD198C-067E-4618-9E2B-6E7984E19AF4},,,,,0,0
451,ParkPly_451,Shepherd Parkway,NACE,848,"5, 6, 9",,NPS,421,Shepherd Parkway,0000,,0000,RES 04210000,,"South Capitol St. & 2nd St., SE & SW",{26C81BD2-D4D8-4922-AD45-89E6E6575E9D},,,,,0,0
452,ParkPly_452,,,,<Null>,,NPS,,,6120,N,0801,6120N   0801,,,{E23699CB-C229-4878-9FF5-C35E4D40A8C0},,,,,0,0
453,ParkPly_453,Shepherd Parkway,NACE,848,"5, 6, 9",,NPS,421,Shepherd Parkway,0000,,0000,RES 04210000,,"South Capitol St. & 2nd St., SE & SW",{80E925C6-C844-4D72-8672-769D9A365829},,,,,0,0
454,ParkPly_454,Oxon Run Park,NACE,,6,,,,Oxon Run Park,,,,RES 05010000,,"Mississippi Ave., Between 1st St. & Southern Ave., SE",{9813D3C2-FF56-4F0B-87B2-8D40BE7634B2},,,,,0,0
455,ParkPly_455,Bald Eagle Hill,NACE,832,6,,NPS,561,Bald Eagle Hill,0000,,0000,RES 05610000,,"Giesboro Rd. & Southern Ave., SW",{A6CF4BC1-6C26-49D2-8F07-F5FFF0D65CAC},,,,,0,0
456,ParkPly_456, , ,0, ,,NPS, ,,0000,,0000,RES 04210000,, ,{3B5DA66E-4776-4C47-8B61-498DE286D22C},,,,,0,0
457,ParkPly_457,Fort Circle Park,NACE,832,"6, 8",,NPS,518,Fort Circle Park,0000,,0000,RES 404M0000,,"Fort Dupont To Fort Stanton Park, SE",{D7182E1C-D44B-461B-BB80-50A88DA2EA34},,,,,0,0
