OBJECTID,NAME,ADDRESS,USE_TYPE,PROPID,ACTIVE,DIAMOND60,DIAMOND90,BBCOURT,FBFIELD,SOCCERJR,SOCCERREG,TENNISCT,VOLLEYB,SKATEPARK,WOODLAND,VSTRSHCAN,DMPSTR,PICNIC,PLYGRD,TOTLOT,INSWIM,OUTSWIM,SPRAYPARK,UTILBX,TRAFPOLE,UTILPOLE,BUSSTP,LOCK_,NMZ,DRINKFOUNT,BENCHES,ATHLIGHT,LNDSCPBED,TOTIMPV,SIGNS,TURFONLY,FENCE,TOPO,COMMGAR,WARD,AREA_,ZONE_,PARKPARTN,RES_NUM,ADJ_SCHOOL_SITE,COMMENTS,SSL,DATE_ACQUIRED,GLOBALID,CREATOR,CREATED,EDITOR,EDITED,SHAPEAREA,SHAPELEN
1,Plymouth Circle,"Plymouth St. & Parkside Ln., NW",CIRCLE,DPR_0616,Y,,,,,,,,,,,,,,,,,,,,,,,,,,,,,,,,,,,Ward 4,,09,,0616,none,TOJ for Comp Plan,RES 06160000,,{0304E325-2A15-4BF8-AB08-2D12BCE51D32},,,,,0,0
2,Triangle Park RES 0566,"Plymouth Street at Sudbury Lane, NW",MEDIAN,DPR_0566,Y,,,,,,,,,,,,,,,,,,,,,,,,,,,,,,,,,,,Ward 4,,09,,0566,none,TOJ for Comp Plan,RES 5660000,,{1B70BAF1-D84D-44E3-8ABE-D27CBD3B8CB7},,,,,0,0
3,Shepherd Field,"Kalmia and Jonquil Sts., NW",PARK,DPR_0437,Y,,,,,,1,,,,,,,,,1,,,,,,,,,,,,,,,,,,,N,Ward 4,,09,,0437,Shepherd Elementary School,Subdivision Book 158 Page 37 (TOJ for Recreation Purposes),Multiple Lots,1972/11/14 00:00:00+00,{CE53A23E-FC8A-4CB6-A508-8607D7A205EA},,,,,0,0
4,Marvin Caplan Memorial Park,"Alaska Ave.,13th St.,Holly St.,NW",TRIANGLE,DPR_0340,Y,,,,,,,,,,,,,,,,,,,,,,,,,,,,,,,,,,,Ward 4,,09,,0340,none,Subdivision Book 162 Page 2 (TOJ for Recreation Purposes),RES 03400000,1972/12/14 00:00:00+00,{78998939-A911-464C-B3F0-73ED8E9DD982},,,,,0,0
5,Pinehurst Circle,"Western Ave and Pinhurst Circle, NW",PARK,DPR_0564,Y,,,,,,,,,,,,,,,,,,,,,,,,,,,,,,,,,,N,Ward 4,,01,,0564,none,TOJ for Comp Plan,RES 05640000,1972/12/14 00:00:00+00,{A452AE1D-FD72-41DD-BE25-D78A4FE0793D},,,,,0,0
6,Triangle Park 3278    0801,"4th St. and Blair Rd., NW",SMALL PARK,DPR_0032,Y,,,,,,,,,,,,,,,,,,,,,,,,,,,,,,,,,,,Ward 4,,09,,none,none,,3278    0801,,{D00F7DB1-0E9E-4770-BE5E-511E824B8D0D},,,,,0,0
7,Fort Stevens,"Luzon Ave., between Van Buren and 13th Sts., NW",REC CENTER GROUNDS,DPR_0631,Y,2,0,3,0,0,1,4,0,N,Y,10,1,7,1,1,0,0,N,,,,Y,,Y,3,20,RpAIR,Nne,Nw,RpLACE,Pr,ChnLnk,MdSlp,N,Ward 4,,09,,0631,none,Subdivision Book 162 Page 2 (TOJ for Recreation Purposes),Multiple Lots,1926/01/01 00:00:00+00,{E628B808-71B6-4648-9FE0-B7916122F63E},,,,,0,0
8,Takoma Recreation Center,"Van Buren St., between 3rd and 4th Sts., NW",REC CENTER GROUNDS,DPR_0377,Y,1,0,1,0,1,0,0,0,N,N,5,1,1,1,1,0,0,N,0,0,0,,,Y,,4,RpLACE,RpAIR,Nne,Nne,Pr,ChnLnk,MdSlp,Y,Ward 4,,09,,0377,none,Subdivision Book 158 Page 37 (TOJ for Recreation Purposes),RES 03770000,1972/11/14 00:00:00+00,{F6BF76B3-4A24-4A9B-9094-FCBE6A7C3117},,,,,0,0
9,Takoma Community Center,"Van Buren and Sheridan Sts., to 3rd & 5th Sts., NW",REC CENTER GROUNDS,DPR_0445,Y,3,0,0,0,0,1,6,0,N,Y,0,1,0,0,0,1,0,Y,0,0,0,,,Y,,5,RpLACE,RpLACE,,Nne,Gd,Nne,Flt,N,Ward 4,,09,,0445,none,Subdivision Book 158 Page 11 (TOJ for Recreation Purposes),RES 04450000,1971/10/18 00:00:00+00,{B6D565E3-CAD2-4100-AFE1-B0D2011F666C},,,,,0,0
10,Triangle Park RES 0648,"14th St., between Underwood St. & Luzon Ave., NW",TRIANGLE,DPR_0648,Y,,,,,,,,,,,,,,,,,,,,,,,,,,,,,,,,,,,Ward 4,,09,,0648,none,TOJ for Comp Plan,PAR 00880225,,{BABBE749-1D2E-42E6-B3B3-A80C7EFB6ED6},,,,,0,0
11,Lafayette,"Broad Branch Rd., between Quesada and 33rd Sts., NW",REC CENTER GROUNDS,DPR_0473,Y,1,,,,,,2,0,N,N,5,1,8,1,1,0,0,N,,,,N,,N,3,19,Nne,Gd,Nw,RpLACE,Pr,Nne,MdSlp,N,Ward 4,,01,,0473,Lafayette Elementary School,"Subdivision 158, Page 37, TOJ to DC for Recreation Purposes",2011    0806,1972/11/14 00:00:00+00,{36B6FC39-6C5B-4654-9039-52553755234B},,,,,0,0
12,Lamond,"Kansas Ave., between Underwood and Tuckerman Sts., NW",REC CENTER GROUNDS,DPR_0685,N,1,0,0,0,0,0,0,0,N,N,0,0,0,1,0,0,0,,0,0,0,,,,0,0,,,,,,,,N,Ward 4,,09,,0685,none,Subdivision Books (158 & 198) Pages (37 & 170) (TOJ for Recreation Purposes),RES 06850000,1972/11/14 00:00:00+00,{5F566DD8-5381-4492-B313-2AB28EFC04D1},,,,,0,0
13,Triangle Park RES 0422,"Chevy Chase Parkway,Chevy Chase Parkway,Oliver St.,NW",TRIANGLE,DPR_0422,Y,,,,,,,,,,,,,,,,,,,,,,,,,,,,,,,,,,,Ward 3,,01,,0422,none,TOJ for Comp Plan,RES 04220000,,{42AC8388-FE1F-4370-810A-CDBF0A4360BA},,,,,0,0
14,Chevy Chase Community Center,"Connecticut Ave. and McKinley St., NW",REC CENTER GROUNDS,DPR_0034,Y,0,0,1,0,0,0,0,0,N,N,2,0,2,1,1,0,0,N,0,0,0,N,,N,1,0,Nne,RpLACE,RpLACE,RpLACE,RpLACE,ChnLnk,Flt,N,Ward 3,,01,N,none,none,"County Books (21 & 24), Page 49, Survey Books (38 & 114), Pages (139 & 303), A&T Plat 446",1866    0823,,{9B5B068F-0E96-4D42-96F2-61F7BEB94BC3},,,,,0,0
15,Chevy Chase Recreation Center,"Livingston St., between 41st St. and Western Ave., NW",REC CENTER GROUNDS,DPR_0431,Y,1,0,1,0,0,0,2,0,N,N,10,0,5,1,1,0,0,N,0,0,0,N,,N,1,14,Nne,RpAIR,RpLACE,RpLACE,RpLACE,ChnLnk,Flt,N,Ward 3,,01,Y,0431,none,Subdivision Book 162 Page 1 (TOJ for Recreation Purposes),RES 04310000,1927/08/09 00:00:00+00,{7E87ECB8-E52C-4B3A-9E4E-F75B63010937},,,,,0,0
16,Triangle Park RES 0452,"New Hampshire Ave., 1st St. and Chillum Pl., NE",SMALL PARK,DPR_0452,Y,,,,,,,,,,,,,,,,,,,,,,,,,,,,,,,,,,,Ward 4,,10,,0452,none,Subdivision Book 162 Page 2 (TOJ for Recreation Purposes),RES 04520000,,{0CB8BCE0-CF5B-48BF-8490-443C59A45A9D},,,,,0,0
17,Triangle Park RES 0373,"Military Rd., between Belt Rd. and 42nd St., NW",SMALL PARK,DPR_0373,Y,,,,,,,,,,,,,,,,,,,,,,,,,,,,,,,,,,,Ward 3,,01,,0373,none,Subdivision Book 158 Page 50 (TOJ for Recreation Purposes),1743    0817,,{EE79F841-36F5-49C3-9FDA-5B8A6F597BEE},,,,,0,0
18,Riggs Road Playground,"Riggs Road & Nicholson St., NE",REC CENTER GROUNDS,DPR_0665,Y,1,0,0,1,0,0,0,0,N,N,0,0,0,1,0,0,1,N,0,0,0,Y,,N,0,2,Nw,RpLACE,RpLACE,RpLACE,Pr,ChnLnk,Flt,N,Ward 4,,10,N,0665,LaSalle Elementary School,Subdivision Books (136 & 152) Pages (183 & 136) (TOJ to DC for Recreation & school purposes),RES 06650000,1968/01/18 00:00:00+00,{691CF52B-7438-4B5F-9B22-BA6E4092C3E1},,,,,0,0
19,Emery,"Georgia Ave. and Madison St., NW",REC CENTER GROUNDS,DPR_0029,Y,1,0,1,0,0,0,1,0,N,Y,5,2,1,1,1,0,0,N,,,,N,,Y,1,3,Nw,Pr,Nw,RpLACE,Pr,Ir,MdSlp,Y,Ward 4,,09,,none,none,,2988    0802,,{4CF69A67-9B4A-412A-8806-8CFDEECEF23E},,,,,0,0
20,Legacy Memorial Park,South Dakota Ave NE and New Hampshire Ave NW,PARK,DPR_0756,Y,,,,,,,,,,,,,,,,,,,,,,,,,,,,,,,,,,,Ward 4,,,,,,"Reference Sub bk 209, pg 29 ",Multiple Lots,,{E08ED394-BF83-499E-A7C5-747B884F91D4},,,,,0,0
21,Triangle Park RES 0347,"Missouri Ave., between Madison Ave. & 7th Sts., NW",TRIANGLE,DPR_0347,Y,,,,,,,,,,,,,,,,,,,,,,,,,,,,,,,,,,,Ward 4,,09,,0347,none,,3205    0802,,{E07BBA6F-2C70-482E-9639-B4625A4E6CC3},,,,,0,0
22,Triangle Park RES 326B,"Reno Rd.,39th St.,Jenifer St.,NW",TRIANGLE,DPR_326B,Y,,,,,,,,,,,,,,,,,,,,,,,,,,,,,,,,,,,Ward 3,,01,,326B,none,TOJ for Comp Plan,RES 326B0000,,{DA0D6A59-A233-42BC-9521-87C6D0B45548},,,,,0,0
23,Triangle Park RES 0515,"Nevada Ave.,Broadbranch Rd.,Chapel Rd.,NW",TRIANGLE,DPR_0516,Y,,,,,,,,,,,,,,,,,,,,,,,,,,,,,,,,,,,Ward 3,,01,,0515,none,(Partial TOJ to NPS - 30th Street NW),RES 05150000,,{FD51A375-0DCF-4053-995D-6B705F0CF814},,,,,0,0
24,Triangle Park RES 0541,"Kansas Ave., between Longfellow & 2nd Sts., NW",TRIANGLE,DPR_0541,Y,,,,,,,,,,,,,,,,,,,,,,,,,,,,,,,,,,,Ward 4,,10,,0541,none,Subdivision Book 78 Page 38 & NPS GO 470 (TOJ for Recreation Purposes),RES 05410000,,{7C1B42C8-BA68-4D82-AFB6-D76574BAA021},,,,,0,0
25,Triangle Park RES 326A,"Reno Rd.,38th St.,Huntington St. ,NW",TRIANGLE,DPR_326A,Y,,,,,,,,,,,,,,,,,,,,,,,,,,,,,,,,,,,Ward 3,,01,,326A,none,TOJ for Comp Plan,RES 326A0000,,{DD7F3E30-6E9B-4837-8B3A-EB6825D87C1E},,,,,0,0
26,Linnean Park,"Linnean Ave. and Broad Branch Rd., NW",PARK,DPR_0625,Y,,,,,,,,,,Y,,,,,,,,,,,,,,,,,,,,,,,,N,Ward 3,,01,,0625,none,Subdivision Book 162 Page 2 (TOJ for Recreation Purposes),Multiple Lots,1972/12/14 00:00:00+00,{54BD7D57-962F-4C04-8F9D-68974B90DA75},,,,,0,0
27,Triangle Park RES 0577,"Kansas Ave.,3rd St.,Ingraham St.,NW",TRIANGLE,DPR_0577,Y,,,,,,,,,,,,,,,,,,,,,,,,,,,,,,,,,,,Ward 4,,10,,0577,none,TOJ for Comp Plan,RES 05770000,,{0B51212E-3A5C-4F2A-B217-616F3745D343},,,,,0,0
28,Fort Reno,"Nebraska Ave., between Fessenden and Chesapeake Sts., NW",PARK,DPR_0470,,,,,,,,,,,,,,,,,,,,,,,,,,,,,,,,,,,,Ward 3,,01,,0470,Woodrow Senior High School,"Subdivision Book 129, Page 27, and Book 205 Page 138. TOJ to DC for Parks, Recreation and Open Space.",1759    0807,1903/01/01 00:00:00+00,{6FD227AE-1815-4862-933F-92FB728EBA82},,,,,0,0
29,Triangle Park RES 0326,"Wisconsin Ave.,42nd St.,Fessenden St.,NW",TRIANGLE,DPR_0326,Y,,,,,,,,,,,,,,,,,,,,,,,,,,,,,,,,,,,Ward 3,,01,,0326,none,Subdivision Book 162 Page 2 (TOJ for Recreation Purposes),RES 03260000,,{8BB49B3B-A31D-40E3-81C1-AEEA1BFC8457},,,,,0,0
30,Keene Playground,Rock Creek Church Rd. NE and Hamilton St. NE,FIELD,DPR_0497,,,,,,,,,,,,,,,,,,,,,,,,,,,,,,,,,,,,Ward 5,,,,0497,,"KEENE PLAYGROUND.  TRANSFERS OF JURISDICTION (TOJ) FOR RECREATION AND RELATED PURPOSES.  BOUNDARY CONSIST OF MULTIPLE LOTS (PARCELS 124/103, 125/15 & 16;  SQ.3700, LOT 802; SQ.3702, LOT 804",Multiple,1972/12/14 00:00:00+00,{DC8066B1-86ED-45FE-8AF2-7374E3E6B946},,,,,0,0
31,Triangle Park RES 0574,"New Hampshire Ave., between Ingraham & 1st Sts., NW",TRIANGLE,DPR_0574,Y,,,,,,,,,,,,,,,,,,,,,,,,,,,,,,,,,,,Ward 4,,10,,0574,none,TOJ for Comp Plan,RES 05740000,,{F4BD1E5A-686B-40DF-BB9B-B6326DD1EDD5},,,,,0,0
32,Rudolph,"Ingraham and Hamilton Sts., to 2nd & 3rd Sts., NW",REC CENTER GROUNDS,DPR_0517,Y,2,0,4,0,0,0,0,0,N,N,0,0,0,1,0,0,0,N,0,0,0,N,,N,1,2,RpLACE,RpLACE,RpLACE,RpLACE,Pr,ChnLnk,Flt,N,Ward 4,,10,N,0517,Rudolph Elementary School,Subdivision Books (141 & 149) Pages (125 & 170) (TOJ to DC for school purposes),3327    0800,1972/11/14 00:00:00+00,{5620AB7F-AB5A-4915-ABDA-8A855A51AA0A},,,,,0,0
33,Triangle Park RES 312H,"Illinois Ave.,9th St.,Ingraham St.,NW",TRIANGLE,DPR_312H,Y,,,,,,,,,,,,,,,,,,,,,,,,,,,,,,,,,,,Ward 4,,09,,312H,none,TOJ for Comp Plan,RES 312H0000,,{577DBD31-77DF-4E34-A2C3-2BCF67E82D9D},,,,,0,0
34,Galen Tait Memorial Park,"Western Ave.,48th St.,Ellicott St.,NW",TRIANGLE,DPR_0454,Y,,,,,,,,,,,,,,,,,,,,,,,,,,,,,,,,,,,Ward 3,,01,,0454,none,TOJ for Comp Plan,RES 04540000,1972/12/14 00:00:00+00,{586CF265-069C-45DE-AD7A-7F36C33275DF},,,,,0,0
35,Triangle Park RES 312C,"Illinois Ave.,9th St.,Gallatin St.,NW",TRIANGLE,DPR_312C,Y,,,,,,,,,,,,,,,,,,,,,,,,,,,,,,,,,,,Ward 4,,09,,312C,none,TOJ for Comp Plan,RES 312C0000,,{3D24B0A3-2383-41EB-89F2-B908E24026F6},,,,,0,0
36,Murch Field,Davenport and Reno Rd.,PARK,DPR_0515,Y,,,,,,,,,,,,,,,,,,,,,,,,,,,,,,,,,,N,Ward 3,,01,,0515,,TOJ TO DC Subdivision Book 106 Page 25,1980    0814,,{BFB1B56E-E7B5-414E-AC04-FEFC5611E67D},,,,,0,0
37,Hamilton,"13th and 14th Sts., to Hamilton & Gallatin Sts., NW",REC CENTER GROUNDS,DPR_0493,Y,1,0,2,0,0,0,0,0,N,N,3,0,1,1,1,0,0,N,0,0,0,N,,N,0,4,Nne,Nne,RpAIR,RpLACE,RpAIR,ChnLnk,Flt,N,Ward 4,,09,N,0493,none,Subdivision Book 158 Page 11 (TOJ for Recreation Purposes),2805    0806,1971/12/18 00:00:00+00,{AA08599F-6FA2-45BA-8856-E4E96582F29D},,,,,0,0
38,Triangle Park RES 0547,"Kansas Ave., between Gallatin & 4th Sts., NW",TRIANGLE,DPR_0547,Y,,,,,,,,,,,,,,,,,,,,,,,,,,,,,,,,,,,Ward 4,,10,,0547,none,TOJ for Comp Plan,RES 05470000,,{945A3371-251E-48ED-BFC1-786C82116673},,,,,0,0
39,Triangle Park RES 312E,"Arkansas Ave.,Georgia Ave.,Farragut St.,NW",TRIANGLE,DPR_312E,Y,,,,,,,,,,,,,,,,,,,,,,,,,,,,,,,,,,,Ward 4,,09,,312E,none,TOJ for Comp Plan,RES 312E0000,,{A9B8EEB6-5743-43A3-B8D9-EAAAEE0A5967},,,,,0,0
40,Triangle Park RES 0526,"Kansas Ave.,5th St.,Farragut St.,NW",TRIANGLE,DPR_0526,Y,,,,,,,,,,,,,,,,,,,,,,,,,,,,,,,,,,,Ward 4,,09,,0526,none,TOJ for Comp Plan,RES 05260000,,{1EE621AF-A822-478D-B356-BE2EB753F200},,,,,0,0
41,Forest Hills Playground,"32nd & Chesapeake Sts., NW",PARK,DPR_0654,Y,0,1,0,0,0,0,2,0,,Y,,,,1,1,0,0,,,,,,,,,,,,,,,,,N,Ward 3,,01,,0654,none,Subdivision Book 162 Page 1 (TOJ for Recreation Purposes),RES 06540000,1972/12/14 00:00:00+00,{90EA977C-C7FF-4299-8022-C7ED4DB281A8},,,,,0,0
42,North Michigan Park,"13th and Emerson Sts., NE",REC CENTER GROUNDS,DPR_0031,Y,1,0,0,0,0,0,0,0,N,Y,5,1,11,0,0,0,0,N,0,0,0,N,,Y,0,0,Nne,Pr,Nw,RpLACE,Pr,Ir,MdSlp,N,Ward 5,,11,Y,none,none,,PAR 01480074,,{A5496506-3F02-411A-9E08-F38D4EC5121F},,,,,0,0
43,Triangle Park RES 312D,"Arkansas Ave.,13th St.,Emerson St.,NW",TRIANGLE,DPR_312D,Y,,,,,,,,,,,,,,,,,,,,,,,,,,,,,,,,,,,Ward 4,,09,,312D,none,TOJ for Comp Plan,RES 312D0000,,{5B6D1F80-0321-4F75-B100-6DA985691431},,,,,0,0
44,Wilson Aquatic Center,3950 CHESAPEAKE STREET NW,AQUATIC CENTER,DPR_0054,Y,,,,,,,,,,,,,,,,,,,,,,,,,,,,,,,,,,,Ward 3,,,,none,,,1772    0009,,{C9E44EEB-7503-4666-9945-9A65ABC7A9CF},,,,,0,0
45,Triangle Park RES 0585,"New Hampshire Ave.,3rd St.,Decatur St.,NW",TRIANGLE,DPR_0585,Y,,,,,,,,,,,,,,,,,,,,,,,,,,,,,,,,,,,Ward 4,,10,,0585,none,TOJ for Comp Plan,RES 05850000,,{5B6C4584-5A71-4A6D-B993-20B62D1419A5},,,,,0,0
46,Triangle Park RES 0350,"Massachusetts Ave.,50th St.,Yuma St.,NW",TRIANGLE,DPR_0350,Y,,,,,,,,,,,,,,,,,,,,,,,,,,,,,,,,,,,Ward 3,,03,,0350,none,Subdivision Book 162 Page 2 (TOJ for Recreation Purposes),1483    0800,,{CD4C50FC-0CE2-45C6-BB65-20E0B360840F},,,,,0,0
47,Triangle Park RES 0413,"New Hampshire Ave., between 4th & Buchanan Sts., NW",TRIANGLE,DPR_0413,Y,,,,,,,,,,,,,,,,,,,,,,,,,,,,,,,,,,,Ward 4,,10,,0413,none,TOJ for Comp Plan,RES 04130000,,{FC7C59C3-3DD8-4F6F-BD58-5578E1012B96},,,,,0,0
48,Upshur,"14th St. and Arkansas Ave., NW",REC CENTER GROUNDS,DPR_0035,Y,1,0,2,0,1,0,0,0,N,Y,0,1,1,1,1,0,1,N,0,0,0,N,,Y,2,8,Nw,RpLACE,RpLACE,RpLACE,RpLACE,ChnLnk,MdSlp,N,Ward 4,,09,Y,none,Sharpe Health Special Education School,<Null>,Multiple Lots,,{2AD841A2-65E2-4B41-8090-D8FBAF0BAF1D},,,,,0,0
49,Friendship,"45th St., Van Ness and Massachusetts Ave., NW",REC CENTER GROUNDS,DPR_0613A,Y,3,1,2,0,0,0,2,0,N,Y,5,1,7,1,1,0,0,N,0,0,0,N,,N,1,0,Nne,Gd,Nw,RpLACE,Pr,ChnLnk,Flt,Y,Ward 3,,02,Y,"0613,0613A",none,Subdivision Book 158 Page 37 (TOJ for Recreation Purposes),Multiple Lots,1972/11/14 00:00:00+00,{6F1325D2-7D47-4F53-B9FB-0879392A81AF},,,,,0,0
50,Triangle Park RES 0505,"18th St. and Argyle Terr., NW",SMALL PARK,DPR_0505,Y,,,,,,,,,,,,,,,,,,,,,,,,,,,,,,,,,,,Ward 4,,09,,0505,none,Subdivision Book 162 Page 2 (TOJ for Recreation Purposes),RES 05050000,,{5307AD94-2DBA-4753-A402-9DA92F3D7191},,,,,0,0
51,Triangle Park RES 0477,"Wisconsin Ave.,39th St. ,Veazy St.,NW",TRIANGLE,DPR_0477,Y,,,,,,,,,,,,,,,,,,,,,,,,,,,,,,,,,,,Ward 3,,02,,0477,none,TOJ for Comp Plan,RES 04770000,,{27FE6E96-FC52-4F49-A711-680AA3A44AD5},,,,,0,0
52,Bunker Hill Triangle Park,"Michigan Ave.,18th St.,Bunker Hill Rd.,NE",TRIANGLE,DPR_0696,Y,,,,,,,,,,,,,,,,,,,,,,,,,,,,,,,,,,,Ward 5,,11,,0696,none,Subdivision Book 162 Page 2 (TOJ for Recreation Purposes),PAR 01470143,1972/12/14 00:00:00+00,{2BBE0D90-07AE-4BE6-BA60-15AFB638C83D},,,,,0,0
53,Triangle Park RES 0353,"Massachusetts Ave.,47th St. ,Upton St.,NW",TRIANGLE,DPR_0353,Y,,,,,,,,,,,,,,,,,,,,,,,,,,,,,,,,,,,Ward 3,,03,,0353,none,TOJ for Comp Plan,1556W   0800,,{9A62AB02-4AB3-4CFD-A9E1-1FFD2EA344CB},,,,,0,0
54,Triangle Park RES 0318,"Georgia Ave.,9th St.,Upshur St.,NW",TRIANGLE,DPR_0318,Y,,,,,,,,,,,,,,,,,,,,,,,,,,,,,,,,,,,Ward 4,,10,,0318,none,TOJ for Comp Plan,RES 03180000,,{AB3C4043-FFED-442B-9AAC-E292E753746E},,,,,0,0
55,Petworth,"Taylor St., between 8th and 9th Sts., NW",REC CENTER GROUNDS,DPR_0710,Y,0,0,2,0,0,0,0,0,N,N,3,0,0,1,1,0,0,Y,1,0,0,Y,,N,0,6,Nw,Pr,Nw,RpLACE,Pr,ChnLnk,MdSlp,N,Ward 4,,10,Y,0710,none,Subdivision Book 158 Page 11 (TOJ to DC for Recreation purposes),3025    0812,1971/10/18 00:00:00+00,{5DF99A67-69D7-423E-8983-177929E03610},,,,,0,0
56,Twin Oaks Garden,"14th and Taylor Sts., NW",PARK,DPR_0040,Y,,,,,,,,,,,,,,,,,,,,,,,,,,,,,,,,,,Y,Ward 4,,09,,none,Powell Elementary School,"Survey Book 91, Page 119",Multiple Lots,1929/01/01 00:00:00+00,{0726A0C5-7ACB-48F5-B753-562B5132D4D3},,,,,0,0
57,Triangle Park RES 0319,"New Hampshire Ave.,7th St.,Taylor St.,NW",TRIANGLE,DPR_0319,Y,,,,,,,,,,,,,,,,,,,,,,,,,,,,,,,,,,,Ward 4,,10,,0319,none,TOJ for Comp Plan,RES 03190000,,{1619C888-FD89-4DE4-B486-69F230D59800},,,,,0,0
58,Hearst,"37th St. and Idaho Ave., NW",REC CENTER GROUNDS,DPR_0527,Y,1,0,1,0,1,0,3,0,N,Y,2,0,3,0,1,0,0,N,0,0,0,N,,N,0,2,Nne,Nne,RpAIR,RpLACE,Pr,ChnLnk,MdSlp,N,Ward 3,,02,Y,0527,Hearst Elementary School,Subdivision Book 158 Page 37 (TOJ for Recreation Purposes),1905    0802,1972/12/14 00:00:00+00,{483A3E37-7416-4461-BE63-2317401352B9},,,,,0,0
59,Triangle Park RES 322B,"Michigan Ave, 12th and Shepherd Streets, NE
",TRIANGLE,DPR_322B,Y,,,,,,,,,,,,,,,,,,,,,,,,,,,,,,,,,,,Ward 5,,10,,322B,none,TOJ for Comp Plan,RES 322B0000,,{248F83C5-5AAA-4A65-8425-566A44278F3F},,,,,0,0
60,Turkey Thicket,"Shepherd St. and Michigan Ave., NE",REC CENTER GROUNDS,DPR_0496,N,0,1,0,0,0,0,0,0,N,N,0,0,0,1,0,0,0,,0,0,0,,,,0,0,,,,,,,,N,Ward 5,,10,,0496,Brookland Elementary School,Subdivision Book 158 Page 37 (TOJ for Recreation Purposes),3888    0803,1972/11/14 00:00:00+00,{9CF8140C-FD20-4666-8C9A-5D79CB0FAA81},,,,,0,0
61,Triangle Park RES 0322,"New Hampshire Ave.,8th St.,Randolph St.,NW",TRIANGLE,DPR_0322,Y,,,,,,,,,,,,,,,,,,,,,,,,,,,,,,,,,,,Ward 4,,10,,0322,none,TOJ for Comp Plan,3131W   0800,,{417C59C7-F8BB-4E78-87E1-9E0812996233},,,,,0,0
62,Triangle Park RES 0582,"South Dakota Ave., between Randolph & 19th Sts., NW",TRIANGLE,DPR_0582,Y,,,,,,,,,,,,,,,,,,,,,,,,,,,,,,,,,,,Ward 5,,11,,0582,none,TOJ for Comp Plan,RES 05820000,,{1756E427-5770-42D2-A9DD-E40913767BC7},,,,,0,0
63,Spring Valley Park,"49th St. and Fordham Rd., south of Quebec St., NW",PARK,DPR_0543,Y,,,,,,,,,,Y,,,,,,,,,,,,,,,,,,,,,,,,N,Ward 3,,03,,0543,none,Subdivision Book 162 Page 2 (TOJ for Recreation Purposes),1474    0805,1972/01/01 00:00:00+00,{344A87A9-7FC9-409C-A004-F9C7495D4626},,,,,0,0
64,Triangle Park RES 0321,"Rock Creek Church Rd.,5th St.,Quincy St.,NW",TRIANGLE,DPR_0321,Y,,,,,,,,,,,,,,,,,,,,,,,,,,,,,,,,,,,Ward 4,,10,,0321,none,TOJ for Comp Plan,RES 03210000,,{6A0A6284-6D07-4240-9A23-91376041E5E7},,,,,0,0
65,Triangle Park RES 323E,"Kansas Ave.,13th St.,Quincy St.,NW",TRIANGLE,DPR_323E,Y,,,,,,,,,,,,,,,,,,,,,,,,,,,,,,,,,,,Ward 4,,09,,323E,none,TOJ for Comp Plan,RES 323E0000,,{B7BF99CF-4D7D-4C77-A911-DEFDCA334B12},,,,,0,0
66,Raymond,"Spring Rd., between Quincy and 9th Sts., NW",REC CENTER GROUNDS,DPR_0486,Y,1,0,1,0,0,0,2,0,N,N,2,0,0,1,1,0,0,N,0,0,0,N,,N,2,0,RpLACE,Nne,RpAIR,RpLACE,RpAIR,ChnLnk,Flt,N,Ward 4,,09,N,0486,Paul Robeson Center,Subdivision Book 158 Page 37 (TOJ for Recreation Purposes),RES 04860000,1972/11/14 00:00:00+00,{679128C1-F280-4376-A804-24E257BBB9EC},,,,,0,0
67,Dwight A. Moseley,"18th and Perry Sts., NE",REC CENTER GROUNDS,DPR_0476,Y,1,2,4,0,0,0,5,0,N,N,0,1,2,1,1,0,0,N,0,0,0,N,,N,0,4,Nw,Nne,Nw,RpLACE,Gd,ChnLnk,Flt,Y,Ward 5,,10,N,0476,Taft Center,Subdivision Book 158 Page 37 (TOJ for Recreation Purposes),RES 04760000,,{C3BE8294-517F-4127-91F2-7283857449DB},,,,,0,0
68,Triangle Park RES 0533,"34th St., between Ordway St. & Reno Rd., NW",TRIANGLE,DPR_0533,Y,,,,,,,,,,,,,,,,,,,,,,,,,,,,,,,,,,,Ward 3,,02,,0533,none,TOJ for Comp Plan,RES 05330000,,{B894EE1A-ED12-484E-8513-E5429224232C},,,,,0,0
69,Center Parking,"Glenbrook Rd. & Rockwood Pkwy., NW",MEDIAN,DPR_0638,Y,,,,,,,,,,,,,,,,,,,,,,,,,,,,,,,,,,,Ward 3,,03,,0638,none,TOJ for Comp Plan,1513    0901,1972/12/14 00:00:00+00,{B1DD3119-A088-44A1-8EDB-F6FD4C3E8443},,,,,0,0
70,Newark Community Gardens,"east of 39th St. and south of Newark St., NW",PARK,DPR_351L,Y,,,,,,,3,,,Y,,,,1,,,,,,,,,,,,,,,,,,,,Y,Ward 3,,02,,351L,none,Subdivision Book 162 Page 2 (TOJ for Recreation Purposes),1818    0848,1972/12/14 00:00:00+00,{4E303902-4D28-492F-B8B7-4B93F19F5DDF},,,,,0,0
71,Triangle Park RES 0375,"South Dakota Ave., between 20th & Otis Sts., NE",TRIANGLE,DPR_0375,Y,,,,,,,,,,,,,,,,,,,,,,,,,,,,,,,,,,,Ward 5,,10,,0375,none,TOJ for Comp Plan,4226    0043,,{6FA68920-F4B1-43AC-BF86-2D7617C0BAE4},,,,,0,0
72,Parkview,"Warder St, between Otis and Princeton Pls, NW",REC CENTER GROUNDS,DPR_0613,Y,1,0,1,0,0,0,0,0,N,N,3,1,3,1,0,0,1,N,0,0,0,N,,N,0,4,Nw,RpLACE,Nw,RpLACE,Pr,ChnLnk,Flt,N,Ward 1,,04,,none,Park View Elementary School,,3032    0001,,{7866C097-B006-476A-94E9-4FBAE7718044},,,,,0,0
73,Macomb,"Macomb St., between 34th and 35th Sts., NW",REC CENTER GROUNDS,DPR_0036,Y,1,0,1,0,0,0,0,0,N,N,4,0,3,1,1,0,0,N,0,0,0,N,,N,0,5,Nne,Gd,Nw,RpLACE,Pr,ChnLnk,MdSlp,N,Ward 3,,02,N,none,none,,2078    0838,,{A759E057-C66D-4C58-BFEE-68F8D667F015},,,,,0,0
74,Triangle Park RES 310B,"Ogden St.,14th St.,Oak St.,NW",TRIANGLE,DPR_310B,Y,,,,,,,,,,,,,,,,,,,,,,,,,,,,,,,,,,,Ward 1,,04,,310B,none,TOJ for Comp Plan,RES 310B0000,,{0D1F2973-221B-4DFF-8B55-A950DB4FFAA4},,,,,0,0
75,Monroe Park,"11th and Monroe Sts., NW",PARK,DPR_0039,Y,,,,,,,,,,,,,,1,,,,,,,,,,,,,,,,,,,,N,Ward 1,,04,,none,none,,Multiple Lots,1972/12/14 00:00:00+00,{41A3EB89-2CDF-4EA3-848F-28DC294C1762},,,,,0,0
76,Park Road Park,Park Rd. and 19th St. NW,SMALL PARK,DPR_310C,Y,,,,,,,,,,,,,,,,,,,,,,,,,,,,,,,,,,,Ward 1,,04,,310C,none,Subdivision Book 162 Page 2 (TOJ for Recreation Purposes),RES 310C0000,1972/12/14 00:00:00+00,{6D5ADCED-B3C2-479A-8A0B-3D9454EEC24A},,,,,0,0
77,Triangle Park RES 310A,"Park Rd.,Mt. Pleasant St.,Park Rd.,NW",TRIANGLE,DPR_310A,Y,,,,,,,,,,,,,,,,,,,,,,,,,,,,,,,,,,,Ward 1,,04,,310A,none,"Subdivision Book 158, Page 45.  TOJ to DC for Comp Plan",RES 310A0000,,{CF80DF05-499C-4A3C-9944-71B4AAB5AE4C},,,,,0,0
78,Triangle Park RES 323A,"New Hampshire Ave.,Sherman Ave.,Park Place,NW",TRIANGLE,DPR_323A,Y,,,,,,,,,,,,,,,,,,,,,,,,,,,,,,,,,,,Ward 1,,04,,323A,none,TOJ for Comp Plan,RES 323A0000,,{CC73E805-C9C7-4766-A434-19F5CCC83304},,,,,0,0
79,Carolina Park,"Manning Place and Macomb Streets, south of Sherier",PARK,DPR_0400,Y,,,,,,,,,,Y,,,,1,,,,,,,,,,,,,,,,,,,,N,Ward 3,,03,,"0400,0401",none,Subdivision Book 158 Page 50 (TOJ for Recreation Purposes),Multiple Lots,1972/12/14 00:00:00+00,{507D66B4-E64F-4C56-BCB1-EB0F60CAB6C8},,,,,0,0
80,Triangle Park RES 0309,"Mt. Pleasant St.,17th St.,Lamont St.,NW",TRIANGLE,DPR_0309,Y,,,,,,,,,,,,,,,,,,,,,,,,,,,,,,,,,,,Ward 1,,04,,0309,none,TOJ for Comp Plan,RES 03090000,,{F7F75889-4ADF-486B-BACA-F8ADA273543A},,,,,0,0
81,16th Street Playground,"16th and Lamont Sts., NW",REC CENTER GROUNDS,DPR_0579,Y,1,0,1,0,0,1,2,0,N,N,,,,1,0,0,0,,,,,,,,,,,,,,,,,N,Ward 1,,04,,0579,Lincoln Middle School,"Subdivision 152, Page 140.  TOJ to DC for recreation purposes",Multiple Lots,,{E70F0BEB-13F5-4A2E-AB60-A3C2F24491DD},,,,,0,0
82,Columbia Heights Civic Plaza,Intersection of Park Road NW and 14th Street NW,SMALL PARK,DPR_0003,Y,,,,,,,,,,,,,,,,,,,,,,,,,,,,,,,,,,,Ward 1,,,,none,none,,2843    0834,,{D7B634CB-7914-484B-A773-CD5321C89EFA},,,,,0,0
83,Bruce Monroe Community Park,"Irving & Georgia Avenue, NW",PARK,DPR_0025,Y,,,2,,,,1,,,,,,,1,1,,,,,,,,,,,,,,,,,,,,Ward 1,,,,none,,,2890    0849,,{3B4AD298-ED8F-4125-B95B-BF29D3726308},,,,,0,0
84,Fort Lincoln,"Ft. Lincoln Dr. and 31st Pl., NE",REC CENTER GROUNDS,DPR_0027,Y,2,0,2,0,0,0,8,0,N,Y,0,1,1,1,0,0,1,Y,3,0,0,N,,Y,1,68,Nw,RpAIR,RpAIR,RpLACE,Pr,ChnLnk,MdSlp,N,Ward 5,,11,N,none,Marshall Education Center,Need to identify TOJ documentation,4327    1156,,{0BAE8C3B-8B6C-496F-9D98-70226914A2A1},,,,,0,0
85,Hobart Twins Park,"Hobart Pl. and Harvard St., west of Georgia Ave., NW",PARK,DPR_0331,Y,,,,,,,,,,,,,,,,,,,,,,,,,,,,,,,,,,N,Ward 1,,04,,"0331,331A",none,Subdivision Book 162 Page 2 (TOJ for Recreation Purposes),Multiple Lots,1972/12/14 00:00:00+00,{1ED84BB7-6059-43AE-81B9-92781E2F9084},,,,,0,0
86,Langdon Park,"18th St. & Mills Ave., to Hamlin & Franklin Sts., NE",REC CENTER GROUNDS,DPR_0446,Y,1,0,2,0,0,0,4,0,Y,Y,0,1,15,1,1,0,1,N,0,0,0,,,Y,1,15,,RpLACE,RpLACE,RpLACE,Pr,Nne,Stp,N,Ward 5,,11,N,0446,Langdon Elementary School,Subdivision Books (118 & 139) Pages (198 & 21) (TOJ to DC for Recreation purposes),RES 04460000,1969/01/22 00:00:00+00,{AB543F1B-1DB2-42B7-A7CD-61727C47F39C},,,,,0,0
87,Bishop Lalossu Memorial Park,"Massachusetts Ave.,36th St.,Garfield St.,NW",TRIANGLE,DPR_0330,Y,,,,,,,,,,,,,,,,,,,,,,,,,,,,,,,,,,,Ward 3,,02,,0330,none,TOJ for Comp Plan,1942W   0800,2010/01/01 00:00:00+00,{7308AF0F-7BD9-4910-A3BB-569634A184C8},,,,,0,0
88,Triangle Park RES 313F,"Girard St.,16th St.,Brentwood Rd.,NE",TRIANGLE,DPR_313F,Y,,,,,,,,,,,,,,,,,,,,,,,,,,,,,,,,,,,Ward 5,,10,,313F,none,TOJ for Comp Plan,RES 313F0000,,{10E3E8A9-09CB-4E56-89B9-B9EDD8CB28F0},,,,,0,0
89,Triangle Park RES 309H,"Quarry Rd.,18th St.,Harva Rd. St.,NW",TRIANGLE,DPR_309H,Y,,,,,,,,,,,,,,,,,,,,,,,,,,,,,,,,,,,Ward 1,,04,,309H,none,TOJ for Comp Plan,RES 309H0000,,{707EA980-723D-4460-B445-55CBAC0602FF},,,,,0,0
90,Palisades,"Potomac and Arizona Aves., NW",REC CENTER GROUNDS,DPR_0504,Y,1,0,2,0,0,0,3,0,N,Y,0,1,5,1,1,0,0,N,0,0,0,N,,Y,1,21,RpLACE,RpAIR,RpAIR,RpLACE,Pr,ChnLnk,Flt,N,Ward 3,,03,,0504,none,Subdivision Book 158 Page 11 (TOJ for Recreation Purposes),1415S   0802,1971/10/18 00:00:00+00,{4DE8C439-1B44-494E-A547-EE6BE3E5C0F7},,,,,0,0
91,Triangle Park RES 0329,"Massachusetts Ave.,36th St.,Fulton,NW",TRIANGLE,DPR_0329,Y,,,,,,,,,,,,,,,,,,,,,,,,,,,,,,,,,,,Ward 3,,03,,0329,none,Subdivision Book 162 Page 2 (TOJ for Recreation Purposes),RES 03290000,,{B35138F5-3BFA-4601-858E-6BB4B15D5D45},,,,,0,0
92,Triangle Park RES 0674,"Lincoln Rd.,4th St.,Franklin St.,NE",TRIANGLE,DPR_0674,Y,,,,,,,,,,,,,,,,,,,,,,,,,,,,,,,,,,,Ward 5,,10,,0674,none,Subdivision Book 162 Page 2 (TOJ for Recreation Purposes),RES 06740000,,{83EFB5AA-1E70-4E27-88CB-53929FC07B83},,,,,0,0
93,Triangle Park RES 0532,"Woodley Rd. & 29th St., NW",TRIANGLE,DPR_0532,Y,,,,,,,,,,,,,,,,,,,,,,,,,,,,,,,,,,,Ward 3,,02,,0532,none,TOJ for Comp Plan,RES 05320000,,{C7C59DA8-4FEF-45B6-B203-38A8AE5EC590},,,,,0,0
94,Triangle Park RES 0328,"Massachusetts Ave.,35th St.,Fulton,NW",TRIANGLE,DPR_0328,Y,,,,,,,,,,,,,,,,,,,,,,,,,,,,,,,,,,,Ward 3,,02,,0328,none,Subdivision Book 162 Page 2 (TOJ for Recreation Purposes),RES 03280000,,{3B739DE7-90A1-4436-8787-7367BD06108B},,,,,0,0
95,Noyes Park,"1000 Franklin Street, NE",PARK,DPR_0037,Y,0,0,0,0,0,0,0,0,,,0,0,0,0,0,0,0,,0,0,0,,,,0,0,,,,,,ChnLnk,,N,Ward 5,,10,,none,Noyes Elementary School,,3874    0801,,{E810E08C-A6AE-4AEE-91AB-4681E905DFEF},,,,,0,0
96,14th and Girard Park,"14th and Girard Sts., NW",PARK,DPR_0038,Y,,,1,,,,,,,,,,,,,,,,,,,,,,,,,,,,,,,N,Ward 1,,04,,none,none,,2860    0831,2011/01/01 00:00:00+00,{0F8C07C9-4D7F-4ABD-A540-83C765B4D536},,,,,0,0
97,Theodore Hagans,"3201 Fort Lincoln Drive, NE",REC CENTER GROUNDS,DPR_0009,Y,2,0,2,0,0,0,8,0,N,Y,0,1,1,1,0,0,1,Y,3,0,0,N,,Y,1,68,Nw,RpAIR,RpAIR,RpLACE,Pr,ChnLnk,MdSlp,N,Ward 5,,11,N,none,Marshall Education Center,Need to identify TOJ documentation,4327    1156,,{4CA1D64F-671D-466C-B95D-3C96B6261F2E},,,,,0,0
98,Edgewood,"Douglas St., between Franklin St. and Lincoln Rd., NE",REC CENTER GROUNDS,DPR_0534,Y,0,2,3,0,0,0,2,0,N,N,2,0,1,1,0,0,0,N,0,0,0,N,,N,1,0,RpLACE,Nne,RpAIR,RpLACE,Pr,ChnLnk,Flt,N,Ward 5,,10,N,0534,Shaed Elementary School,Subdivision Book 158 Page 11 (TOJ for Recreation Purposes),RES 05340000,1971/10/18 00:00:00+00,{0B7D3730-CB1E-47EC-8873-6E5407938E24},,,,,0,0
99,Columbia Heights,"15th and Girard Sts., NW",REC CENTER GROUNDS,DPR_0063,Y,0,0,1,0,0,0,0,0,N,N,6,0,3,1,1,0,0,Y,0,0,0,N,,N,0,11,Nne,Pr,Nw,RpLACE,RpLACE,Ir,Flt,N,Ward 1,,04,N,none,none,,2667    0074,,{A6BF6690-DF8A-4FCE-97A3-A0CB71B7ADEE},,,,,0,0
100,Triangle Park RES 0376,"Rhode Island Ave.,14th St.,Brentwood Rd.,NE",TRIANGLE,DPR_0376,Y,,,,,,,,,,,,,,,,,,,,,,,,,,,,,,,,,,,Ward 5,,10,,0376,none,TOJ for Comp Plan,RES 03760000,,{F63A488B-CF46-450B-B6FD-1F330A1D68DB},,,,,0,0
101,Walter Pierce Park,"Adams Mill and Ontario Rds., NW",PARK,DPR_0001,Y,,0,1,0,0,1,0,0,N,Y,9,0,6,1,1,0,0,N,0,0,0,Y,,N,1,7,,Pr,Nne,RpLACE,Pr,Ir,Flt,N,Ward 1,,04,Y,none,,,2547    0810,1972/12/14 00:00:00+00,{30DC0E05-7308-4AE8-9BFD-07441E5401EC},,,,,0,0
102,Triangle Park RES 0513,"6th St., between Evarts & Edgewood Sts., NE",TRIANGLE,DPR_0513,Y,,,,,,,,,,,,,,,,,,,,,,,,,,,,,,,,,,,Ward 5,,10,,0513,none,TOJ for Comp Plan,RES 05130000,,{725431DB-647E-4DF5-B5ED-0666078CB6AF},,,,,0,0
103,Banneker,"Georgia Ave. and Euclid St., NW",REC CENTER GROUNDS,DPR_0506,Y,1,1,2,0,0,0,8,0,N,N,5,2,0,1,0,0,2,,0,0,0,,,,1,11,RpAIR,RpAIR,,RpLACE,Pr,ChnLnk,MdSlp,N,Ward 1,,04,,0506,Benjamin Banneker High School,Subdivision Books (36 & 99) Pages (23 & 9) (TOJ to DC for Recreation & School purposes),RES 05060000,1977/01/01 00:00:00+00,{E80700B8-AFE0-4649-BA10-1E72DE90514D},,,,,0,0
104,Justice Park,"14th and Euclid Sts., NW",PARK,DPR_0026,Y,,,,,,,,,,,,,,1,,,,,,,,,,,,,,,,,,,,N,Ward 1,,04,,none,none,,2665    0046,2008/03/12 00:00:00+00,{85662345-4574-4877-A45F-9976282CFBD0},,,,,0,0
105,Triangle Park RES 313D,"Bladensburg Rd.,30th St.,Douglas St.,NE",TRIANGLE,DPR_313D,Y,,,,,,,,,,,,,,,,,,,,,,,,,,,,,,,,,,,Ward 5,,11,,313D,none,TOJ for Comp Plan,RES 313D0000,,{51AB21B4-2AE4-4650-9BC3-E0744488915C},,,,,0,0
106,Stoddert,"Calvert St., between 39th and 41st Sts., NW",REC CENTER GROUNDS,DPR_0015,Y,1,0,0,0,0,0,0,0,N,N,2,0,4,1,1,0,0,N,0,0,0,Y,,N,0,0,Nne,RpLACE,Nne,RpLACE,RpAIR,ChnLnk,Flt,N,Ward 3,,03,,none,Stoddert Elementary School,"Subdivision Books (88,92,98,100,102,110) Pages (9,146,3,94,149,2); Survey Book 97, Page 131",1808    0801,,{8D6BE361-1D60-4912-BFBA-BBA986A47A10},,,,,0,0
107,Euclid Street Garden,"14th and Euclid Sts., NW",,DPR_0060,,,,,,,,,,,,,,,,,,,,,,,,,,,,,,,,,,,,Ward 1,,,,none,,No full address but ADDRESS_ID is 307971 and 310213,2664    0031,,{CBBD2EFB-346F-4BF8-84C2-05BB6AAFD089},,,,,0,0
108,Triangle Park RES 313E,"Bladensburg Rd.,28th St.,Douglas St.,NE",TRIANGLE,DPR_313E,Y,,,,,,,,,,,,,,,,,,,,,,,,,,,,,,,,,,,Ward 5,,11,,313E,none,TOJ for Comp Plan,RES 313E0000,,{A7EEB0CA-0458-4A70-828D-C4A6CD31FE00},,,,,0,0
109,Unity Park,"Columbia Rd.,Champlain St.,Euclid St.,NW",TRIANGLE,DPR_306D,Y,,,,,,,,,,,,,,,,,,,,,,,,,,,,,,,,,,,Ward 1,,04,,306D,none,TOJ for Comp Plan,RES 306D0000,1972/12/14 00:00:00+00,{D450193D-6C40-4EE8-A288-D67A0B5367A6},,,,,0,0
110,Triangle Park RES 0393,"Lincoln Rd.,2nd St. ,Channing St.,NE",TRIANGLE,DPR_0393,Y,,,,,,,,,,,,,,,,,,,,,,,,,,,,,,,,,,,Ward 5,,10,,0393,none,TOJ for Comp Plan,RES 03930000,,{FAFCD657-96F2-40B7-A970-C909F96B6D0E},,,,,0,0
111,Rita Bright Community Center,"2500 14th St., NW",REC CENTER GROUNDS,DPR_0024,Y,,,,,,,,,,,,,,,,,,,,,,,,,,,,,,,,ChnLnk,,,Ward 1,,,,none,none,,2662    0205,,{DFB3ABDF-AD59-40A3-9053-58A9114F4C27},,,,,0,0
112,Guy Mason,"Calvert and 36th Sts., NW",REC CENTER GROUNDS,DPR_0014,Y,1,0,0,0,0,0,0,0,N,N,5,1,5,1,1,0,0,N,0,0,0,N,,N,0,12,Nw,Gd,Nw,RpLACE,Gd,Ir,Flt,N,Ward 3,,03,,none,none,,1299    0974,,{7F96B08A-A132-49AD-AE33-EE5CA19BFD19},,,,,0,0
113,Dakota Park,"South Dakota Ave., Adams and 33rd Sts., NE",PARK,DPR_0644,Y,1,0,2,0,0,0,1,0,N,N,3,0,0,1,1,0,0,N,0,0,0,,,Y,0,3,Nne,,Nw,RpLACE,Gd,Nne,MdSlp,N,Ward 5,,11,N,0644,none,Subdivision Book 158 Page 37 (TOJ for Recreation Purposes),RES 06440000,1972/11/14 00:00:00+00,{CE3C8011-130B-4592-BF6D-DA6196A28690},,,,,0,0
114,Brentwood Recreation Center,"15th & Downing Sts., NE",REC CENTER GROUNDS,DPR_0673,Y,1,0,1,0,0,0,0,0,N,N,8,0,12,1,1,0,0,N,0,0,0,N,,Y,0,0,Nne,Gd,Nw,Nw,Gd,ChnLnk,Flt,N,Ward 5,,11,N,0673,none,Subdivision Book 162 Page 1 (TOJ for Recreation Purposes),RES 06730000,1956/01/01 00:00:00+00,{4D919A38-E5CC-42E2-9535-FFE02C027ACD},,,,,0,0
115,Loomis Park,"Bryant and Adams Sts., to Lawrence and 19th Sts., NE",CIRCLE,DPR_0313,Y,0,0,0,0,0,0,0,0,N,Y,0,0,0,0,0,0,0,N,0,0,0,N,,Y,0,0,Nne,,,RpLACE,Gd,Nne,MdSlp,N,Ward 5,,11,N,0313,none,Subdivision Book 162 Page 2 (TOJ for Recreation Purposes),RES 03130000,1972/12/14 00:00:00+00,{5997E66F-3676-4E1B-B42A-5DF499312023},,,,,0,0
116,Kalorama Park,"Kalorama Rd., between Columbia Rd. & 19th St., NW",REC CENTER GROUNDS,DPR_0655,Y,0,0,2,0,0,0,0,0,N,N,3,1,0,1,1,0,0,N,0,0,0,N,,N,0,18,Nne,RpAIR,Nw,RpLACE,RpAIR,ChnLnk,MdSlp,Y,Ward 1,,04,Y,0655,none,(TOJ for Recreation Purposes),2550    0818,1972/12/14 00:00:00+00,{AB1DCD1E-2F80-41B8-862F-9612BF34EE3D},,,,,0,0
117,K C Lewis,"Bryant and W Sts., 4th St., NW",PARK,DPR_0705,Y,1,0,1,,,,2,,,,,,,1,1,,,,,,,,,,,,,,,,,,,N,Ward 1,,04,,0705,Lewis,Subdivision Book 162 Page 1 (TOJ for Recreation Purposes),RES 07050000,1972/12/14 00:00:00+00,{A5FDF8BB-F17C-4833-BBD3-E3C7ED36EEFC},,,,,0,0
118,W Street Park,"48th St., between W and Ashby Sts., NW",PARK,DPR_0694,Y,,,,,,,,,,Y,,,,1,,,,,,,,,,,,,,,,,,,,N,Ward 3,,03,,0694,none,Subdivision Book 162 Page 2 (TOJ for Recreation Purposes),1384    0815,1972/12/14 00:00:00+00,{33A85575-8DA5-430F-B6F7-034A1EBF70E7},,,,,0,0
119,Belmont Park,"Connecticut Ave., NW and Belmont Rd., NW",PARK,DPR_0360,Y,,,,,,,,,,,,,,,,,,,,,,,,,,,,,,,,,,,Ward 2,,,,0360,none,BELMONT PARK DESIGNATION AND ESTABLISHMENT ACT OF 2013.  BELMONT PARK,PAR 03050007,2014/06/04 00:00:00+00,{C7B88FD6-7B7B-4096-A5FA-6E0C72AF41EA},,,,,0,0
120,Marie Reed,"18th St. and Kalorama Rd., NW",REC CENTER GROUNDS,DPR_0664,Y,0,0,2,0,0,0,2,0,N,N,0,0,4,1,0,0,0,N,0,0,0,Y,,N,0,4,RpLACE,RpLACE,Nw,RpLACE,RpAIR,ChnLnk,MdSlp,N,Ward 1,,04,,0664,Marie Reed Learning Center,"Subdivision 158, Page 28.  TOJ to DC for recreation purposes",Multiple Lots,,{396C30EB-1F8A-460D-85C3-71E8C83F426F},,,,,0,0
121,Triangle Park RES 305A,"Columbia Rd.,19th St.,Kalorama Rd.,NW",TRIANGLE,DPR_305A,Y,,,,,,,,,,,,,,,,,,,,,,,,,,,,,,,,,,,Ward 1,,04,,305A,none,TOJ for Comp Plan,2550S   0800,,{FBCBA917-0C74-4EF3-896B-76AB0470D859},,,,,0,0
122,Happy Hollow Childrens Pool,2200 CHAMPLAIN STREET NW,AQUATIC CENTER,DPR_0057,Y,,,,,,,,,,,,,,,,,,,,,,,,,,,,,,,,,,,Ward 1,,,,none,,,2562    0826,,{C632B9AA-B641-459A-BED7-21664674E1C8},,,,,0,0
123,The Park at LeDroit,4th Street NW and V Street NW,SMALL PARK,DPR_0061,Y,,,,,,,,,,,,,,,,,,,,,,,,,,,,,,,,,,,Ward 1,,,,none,,GAGE ECKINGTON PARK.  ADDRESSES ARE RETIRED.  Now named The Park at LeDroit,3082    0826,,{4B76DAC2-27D1-4F2F-B725-EBD0E6E3280A},,,,,0,0
124,Harrison,"U and V Sts., to 13th & 14th Sts., NW",REC CENTER GROUNDS,DPR_0640,Y,1,0,1,0,0,0,0,0,N,N,1,0,0,1,1,0,0,N,0,0,0,N,,N,0,9,RpLACE,RpAIR,RpAIR,RpLACE,RpAIR,ChnLnk,Flt,N,Ward 1,,04,N,0640,none,Subdivision Book 158 Page 37 (TOJ for Recreation Purposes),0236    0830,1972/11/14 00:00:00+00,{44B8AAEC-68AA-4FEF-B094-0D1607DBAD7B},,,,,0,0
125,DPR Central Office,1250 U STREET NW,ADMIN,DPR_0051,,,,,,,,,,,,,,,,,,,,,,,,,,,,,,,,,,,,Ward 1,,,,none,,,0274    0133,,{E39DB9ED-A153-449A-8CC4-BECDC2C2B937},,,,,0,0
126,Jelleff Field,"3265 S Street, NW",REC CENTER GROUNDS,DPR_0023,Y,,1,,,,1,,,,,,,,,,,1,,,,,,,,,,,,,,,ChnLnk,,,Ward 2,,,,none,none,,1299    1010,,{EB5E54FC-8B76-4FD1-82B9-7CDDCF47FF6D},,,,,0,0
127,Anna J. Cooper Circle,"T and 3rd Streets, NW",CIRCLE,DPR_0311,Y,,,,,,,,,,,,,,,,,,,,,,,,,,,,,,,,,,,Ward 1,,04,,0311,none,TOJ for Comp Plan,RES 03110000,2004/01/01 00:00:00+00,{8E560216-653E-40DF-81C6-497629B87CCE},,,,,0,0
128,Triangle Park RES 0145,"New Hampshire Ave.,17th St.,T St.,NW",TRIANGLE,DPR_0145,Y,,,,,,,,,,,,,,,,,,,,,,,,,,,,,,,,,,,Ward 2,,04,,0145,none,TOJ for Comp Plan,RES 01450000,,{13D885D0-8ADE-4585-A294-3EF45EFD9292},,,,,0,0
129,Harry Thomas,"Lincoln Rd. and 2nd St., to R and T Sts., NE",REC CENTER GROUNDS,DPR_0464,Y,0,1,1,1,0,0,2,0,N,N,2,1,0,1,1,0,1,N,0,0,0,Y,,N,1,0,Nw,RpLACE,RpLACE,RpLACE,Pr,ChnLnk,Flt,N,Ward 5,,10,N,0464,Emery Elementary School,Subdivision Book 158 Page 11 (TOJ for Recreation Purposes),RES 04640000,,{2A248F8E-D274-41E0-8EE2-7E6ED360E9EE},,,,,0,0
130,Westminster Playground,"907 Westminster St., NW",PARK,DPR_0043,Y,,,,,,,,,,,,,,1,1,,,,,,,,,,,,,,,,,,,N,Ward 1,,05,,none,none,,Multiple Lots,,{F075ABCD-9D03-4701-8692-1908B678E7CC},,,,,0,0
131,Triangle Park RES 0168,"Vermont Ave. & 11th St., north of S St., NW",SMALL PARK,DPR_0168,Y,,,,,,,,,,,,,,,,,,,,,,,,,,,,,,,,,,,Ward 1,,,,0168,,TOJ TO DC,RES 01680000,,{52F659CF-5F53-4B15-AE09-F123CCDF2644},,,,,0,0
132,DPR Warehouse,1325 S STREET NW,ADMIN,DPR_0052,Y,,,,,,,,,,,,,,,,,,,,,,,,,,,,,,,,,,,Ward 1,,,,none,,,0238    0870,,{C38A8578-D62C-486E-8042-107E577C1019},,,,,0,0
133,Mitchell Playground,"23rd & S Sts., NW",PARK,DPR_0672,Y,1,0,1,0,0,0,1,0,N,N,8,0,4,1,1,0,0,N,0,0,0,,,N,2,22,Nne,Pr,Nw,RpLACE,Gd,ChnLnk,Flt,N,Ward 2,,04,Y,0672,none,Subdivision Book 162 Page 1 (TOJ for Recreation Purposes),Multiple Lots,1972/12/14 00:00:00+00,{D9DBF198-A34E-4CF8-B597-8542B65D26BA},,,,,0,0
134,S Street Dog Park,"New Hampshire Ave.,17th St.,S St.,NW",TRIANGLE,DPR_0144,Y,,,,,,,,,,,,,,,,,,,,,,,,,,,,,,,,,,,Ward 2,,04,,0144,none,TOJ for Comp Plan.  Triangle Park RES 0144.  S Street Dog Park,RES 01440000,,{2AAD73ED-1CEF-48D5-A86D-BEFDB0C44941},,,,,0,0
135,Arboretum,"24th St. and Rand Pl., NE",REC CENTER GROUNDS,DPR_0042,Y,0,0,1,0,0,0,2,0,N,Y,0,1,7,1,0,0,0,Y,0,0,0,N,,N,0,0,Nne,Nne,RpAIR,RpLACE,Gd,Nne,Flt,N,Ward 5,,11,N,none,none,,Multiple Lots,,{3C4CBA3A-0174-4894-B44A-28E5D35CD3DE},,,,,0,0
136,Decatur Terrace Steps and Fountain ,"22nd St., between Decatur Pl. & S St., NW",SMALL PARK,DPR_057C,Y,,,,,,,,,,,,,,,,,,,,,,,,,,,,,,,,,,,Ward 2,,,,057C,,"Subdivision Book 158, Page 44.  TOJ for Comp Plan",2515    0815,,{83863AF2-E4AC-474E-9D3A-C14D8F287353},,,,,0,0
137,10th and French Street Park,10th & French St. NW,SMALL PARK,DPR_0022,Y,,,,,,,,,,N,,,,,,,,,,,,,,,,,,,,,,,Flt,,Ward 2,,5,,none,none,,Multiple Lots,,{261EBA85-699E-453E-BC99-F96857F7E32C},,,,,0,0
138,Book Hill Park,"Wisconsin Ave. and R St., NW",PARK,DPR_0325,Y,,,,,,,,,,,,,,,,,,,,,,,,,,,,,,,,,,N,Ward 2,,03,,0325,none,Subdivision Book 162 Page 1 (TOJ for Recreation Purposes),RES 06560000,1979/01/01 00:00:00+00,{AFE0DD36-3EA6-47B9-81A8-3D653FD3314C},,,,,0,0
139,Triangle Park RES 0166,"Vermont Ave. & 12th St., north of R St., NW",SMALL PARK,DPR_0166,Y,,,,,,,,,,,,,,,,,,,,,,,,,,,,,,,,,,,Ward 2,,,,0166,,"Subdivision Book 143, Page 45.  TOJ TO DC",RES 01660000,,{4A4E1B58-8269-43D4-B0A2-5F5468512A7E},,,,,0,0
140,Triangle Park RES 0159,"Rhode Island Ave.,6th St.,R St.,NW",TRIANGLE,DPR_0159,Y,,,,,,,,,,,,,,,,,,,,,,,,,,,,,,,,,,,Ward 2,,05,,0159,none,TOJ for Comp Plan,0444N   0800,,{A0F3D35D-3CFC-4593-91C1-0A190F8E35B0},,,,,0,0
141,Florida Avenue Playground,"First Street and Florida Avenue, NW",PARK,DPR_0011,Y,,,1,,,,,,,,,,,1,,,,,,,,,,,,,,,,,,,,N,Ward 5,,05,,none,none,,0551    0232,,{47EB578C-16C9-428A-BC40-61A4B0D9C083},,,,,0,0
142,Brentwood Park (Patterson Tract),"6th St., between New York & Florida Aves., NE",PARK,DPR_0495,Y,0,1,2,0,0,0,2,0,,,0,0,0,0,0,0,0,,0,0,0,,,,,,,,,,,,,N,Ward 5,,11,,0495,none,Subdivision Books (162 & 158) Pages (5 & 40) (TOJ to DC for Recreation & Hwy purposes),PAR 01290057,1986/01/01 00:00:00+00,{808BB3AF-C103-4D54-B71E-DD9C55198CEB},,,,,0,0
143,Shaw,"Rhode Island Ave. and 11th St., NW",REC CENTER GROUNDS,DPR_0155,Y,1,0,2,0,0,0,0,0,Y,N,1,0,0,0,0,0,0,N,0,0,0,N,,N,0,0,RpAIR,Nne,Nw,RpLACE,Pr,ChnLnk,Flt,N,Ward 2,,05,Y,0155,Shaw Junior High School,,0336    0828,1972/12/17 00:00:00+00,{1ABCB361-2F4F-44B3-9277-8EEA53FB217B},,,,,0,0
144,Triangle Park RES 277C,"North Capitol St NW, Lincoln Rd NE, and R St NE",TRIANGLE,DPR_277C,,,,,,,,,,,,,,,,,,,,,,,,,,,,,,,,,,,,Ward 5,,,,277C,,"Subdivision Book 204, Page 198. TOJ TO DC",3514    0802,,{6BAD0913-F2EA-4199-8642-F358F7C0BD94},,,,,0,0
145,Carter G. Woodson Memorial Park,"Rhode Island Ave.,9th St.,Q St.,NW",TRIANGLE,DPR_0157,Y,,,,,,,,,,,,,,,,,,,,,,,,,,,,,,,,,,,Ward 2,,05,,0157,none,TOJ for Comp Plan,RES 01570000,1972/12/14 00:00:00+00,{3148AE4A-710A-4430-BCEC-12C5318891EB},,,,,0,0
146,Stead,"15th and 16th Sts., to P & Church Sts., NW",REC CENTER GROUNDS,DPR_0660,Y,1,0,2,0,0,0,0,0,N,N,4,0,1,1,1,0,0,N,0,0,0,Y,,N,1,8,RpAIR,RpAIR,Nw,RpLACE,Pr,ChnLnk,Flt,N,Ward 2,,04,,0660,none,(TOJ for Recreation Purposes),0180    0813,1972/12/14 00:00:00+00,{7CDA6557-B8A0-4D10-AB4C-2F723FF2B6DE},,,,,0,0
147,Volta Park Recreation Center,1555 34TH STREET NW,REC CENTER GROUNDS,DPR_0472,Y,1,0,2,0,0,0,2,0,N,N,4,0,5,1,1,0,1,N,0,0,0,N,,N,2,0,Nne,Gd,Nw,RpLACE,RpLACE,ChnLnk,Flt,N,Ward 2,,03,,0472,none,Subdivision Book 162 Page 1 (TOJ for Recreation Purposes),Multiple Lots,1972/12/14 00:00:00+00,{C58A3802-D69E-4DA7-AC42-160F66E4655F},,,,,0,0
148,Hardy,"Foxhall Rd. and Q St., NW",REC CENTER GROUNDS,DPR_0709,Y,0,0,1,0,0,0,2,0,,N,2,0,3,1,1,0,0,N,0,0,0,N,,Y,0,8,Nne,Gd,Nw,RpLACE,Pr,ChnLnk,Flt,N,Ward 3,,03,,0709,none,Subdivision Book 158 Page 37 (TOJ for Recreation Purposes),RES 07090000,1972/11/14 00:00:00+00,{D37036A9-005A-4853-8973-8AB92AA82D51},,,,,0,0
149,Kennedy,"P St., between 6th and 7th Sts., NW",REC CENTER GROUNDS,DPR_0020,Y,1,0,2,0,0,0,1,0,N,Y,1,1,0,1,1,0,0,N,0,0,0,Y,,Y,0,6,Nw,Pr,Nw,RpLACE,Pr,Ir,Flt,N,Ward 2,,05,Y,none,none,,Multiple Lots,,{6F1068E2-C3FD-4038-B228-F24C69D0979F},,,,,0,0
150,Bundy Field,"New Jersey Ave., between O and P Sts., NW",PARK,DPR_0633,Y,0,1,,,,,,,,,,,,,,,,,,,,,,,,,,,,,,,,N,Ward 2,,05,,0633,Bundy,Subdivision Book 162 Page 1 (TOJ for Recreation Purposes),0511    0822,1972/12/14 00:00:00+00,{D6DDCD12-4A85-4BC5-B565-9F0D52F846B4},,,,,0,0
151,Rose Park,"Rock Creek, between National Zoological Park & Theodore Roosevelt Bridge, NW",REC CENTER GROUNDS,DPR_0361,Y,1,0,1,0,0,0,3,0,N,Y,0,0,0,1,1,0,0,N,0,0,0,N,,N,1,8,Nne,Pr,RpAIR,RpAIR,Pr,ChnLnk,Flt,N,Ward 2,,03,,0360,none,Subdivision Book 158 Page 34 (TOJ for Recreation Purposes),RES 06390000,,{F6160F6A-8760-483F-8E1B-4EBEDF1019BE},,,,,0,0
152,Deanwood,"49th and Quarles Sts., NE",REC CENTER GROUNDS,DPR_0666,Y,1,0,0,0,0,0,3,0,N,N,5,0,1,1,1,0,1,N,0,0,0,Y,,N,0,6,Nw,Nne,RpLACE,RpLACE,Pr,ChnLnk,Flt,N,Ward 7,,13,Y,0666,Ronald Brown Middle School,Subdivision Book 158 Page 37 (TOJ for Recreation Purposes),5162    0026,1968/01/18 00:00:00+00,{F887A232-B958-4356-9CA4-4FB3A845A92E},,,,,0,0
153,NJ and O Sts Park,"1301 New Jersey Avenue, NW",PARK,DPR_0191,Y,,,,,,,,,,,,,,,,,,,,,,,,,,,,,,,,,,N,Ward 2,,05,,0191,none,,0512    0112,,{52E82391-9BD1-4EB8-A0C6-74D90798F15C},,,,,0,0
154,Kenilworth-Parkside Recreation Center,1300 44TH STREET NE,REC CENTER GROUNDS,DPR_0059,,,,,,,,,,,,,,,,,,,,,,,,,,,,,,,,,,,,Ward 7,,,,none,,,5101    0801,,{F04252B1-22A4-42F2-BD7C-934803DEE3F8},,,,,0,0
155,Francis,"25th and N Sts., NW",REC CENTER GROUNDS,DPR_0639,Y,1,0,1,0,0,0,4,0,N,Y,0,0,0,1,0,0,1,N,0,0,0,N,,Y,0,0,,Gd,RpAIR,RpAIR,Pr,ChnLnk,Flt,Y,Ward 2,,06,,0639,Francis Junior High School,"Subdivision 158, Page 11.  TOJ to DC for recreation purposes",RES 06390000,1971/10/18 00:00:00+00,{FF305A5D-E219-47D8-8D15-F314DC4983FA},,,,,0,0
156,Dunbar Aquatic Center,101 N STREET NW,AQUATIC CENTER,DPR_0058,,,,,,,,,,,,,,,,,,,,,,,,,,,,,,,,,,,,Ward 5,,,,none,,,0554    0860,,{01A6659F-A78A-41C2-A327-09227C67D130},,,,,0,0
157,Trinidad,"Trinidad Ave., at Childress St., NE",REC CENTER GROUNDS,DPR_0615,Y,0,0,0,0,0,0,0,0,N,N,0,0,0,0,0,0,0,,0,0,0,,,,0,0,,,,,,,,N,Ward 5,,11,,0615,none,Subdivision Book 152 Page 138 (TOJ for Recreation Purposes),RES 06150000,1968/01/01 00:00:00+00,{95C6CBB8-743A-4367-902E-2C400D4D27A5},,,,,0,0
158,7th & N Street Playground,"7th & N Streets, NW",,DPR_0062,,,,,,,,,,,,,,,,,,,,,,,,,,,,,,,,,,,,Ward 2,,,,none,,,0448    0113,,{93F23225-6AE3-420A-9F42-1085043A82B4},,,,,0,0
159,New York Ave Daycare,"New York Ave. and 1st St., NW",REC CENTER GROUNDS,DPR_0021,Y,1,0,2,0,0,0,0,0,N,N,4,0,0,1,1,0,0,N,0,0,0,N,,N,0,1,RpAIR,Nne,RpAIR,RpLACE,Pr,ChnLnk,Flt,N,Ward 5,,05,N,none,none,,Multiple Lots,1944/05/29 00:00:00+00,{F87936F7-3E43-4FEE-B36A-AB79323A7966},,,,,0,0
160,Triangle Park RES 0140,"New Hampshire Ave.,21st St.,M St.,NW",TRIANGLE,DPR_0140,Y,,,,,,,,,,,,,,,,,,,,,,,,,,,,,,,,,,,Ward 2,,06,,0140,none,TOJ for Comp Plan,RES 01400000,,{3E889DE4-906B-47BE-88CC-842D148FFC51},,,,,0,0
161,Triangle Park RES 0179,"New York Ave NW, between 3rd St NW and New Jersey Ave NW",TRIANGLE,DPR_0179,,,,,,,,,,,,,,,,,,,,,,,,,,,,,,,,,,,,Ward 2,,,,0179,,TOJ TO DC,RES 01790000,,{03D9DD1B-448E-45D4-9949-49A0BE0F276D},,,,,0,0
162,Butler-Wyatt Clubhouse # 2 Boys & Girls Club,120 M STREET NW,SPECIALTY,DPR_0053,Y,,,,,,,,,,,,,,,,,,,,,,,,,,,,,,,,,,,Ward 6,,,,none,,,0557    0898,,{94263CF7-8E16-45AD-A4A6-4FFC957703D5},,,,,0,0
163,10th Street Community Park,"10th Street NW, between L Street NW and M Street NW",SMALL PARK,DPR_0002,Y,,,,,,,,,,,,,,,,,,,,,,,,,,,,,,,,,,,Ward 2,,,,none,none,,0369    0877,,{55DD8CE0-CED7-4CCE-8C60-BC5098DC2584},,,,,0,0
164,10th Street Community Park,"10th Street NW, between L Street NW and M Street NW",SMALL PARK,DPR_0010,Y,,,,,,,,,,,,,,,,,,,,,,,,,,,,,,,,,,,Ward 2,,,,none,none,,0369    0874,,{08D5043A-8170-4CBB-BB2B-DCD7953DB540},,,,,0,0
165,RH Terrell Recreation Center,155 L STREET NW,REC CENTER GROUNDS,DPR_0049,Y,,,,,,,,,,,,,,,,,,,,,,,,,,,,,,,,,,,Ward 6,,,,none,,,0557    0171,,{DDE8AA59-FB10-459C-8710-49EBB59F0248},,,,,0,0
166,Joseph H. Cole Recreation Center,1299 NEAL STREET NE,REC CENTER GROUNDS,DPR_0055,Y,,,,,,,,,,,,,,,,,,,,,,,,,,,,,,,,,,,Ward 5,,,,none,,,4066    0821,,{EE04AAFC-3851-45ED-9417-BB29BEF6A587},,,,,0,0
167,Joe Cole,"Montello Ave. and Morse St., NE",REC CENTER GROUNDS,DPR_0708,Y,0,0,0,0,0,0,0,0,N,N,5,1,2,1,1,0,0,N,0,0,0,N,,N,0,3,Nne,Nne,Nne,RpLACE,Gd,Nne,MdSlp,N,Ward 5,,11,N,0708,Wheatley Elementary School,(TOJ for Recreation Purposes),4066    0822,1969/01/22 00:00:00+00,{FAE7D00C-BE2D-4B60-BDF0-11EEE557874E},,,,,0,0
168,Mt Vernon Square,"Mt Vernon Pl NW, K St NW, 7th St NW, and 9th St NW",SMALL PARK,DPR_0008,,,,,,,,,,,,,,,,,,,,,,,,,,,,,,,,,,,,Ward 2,,,,0008,none,"Subdivision Book 204, Page 198. TOJ to DC for park & recreation purposes",0403N   0800,,{6637A601-EC92-40C0-AB7B-988DAE43262E},,,,,0,0
169,Franklin Square,"K St., I St., 13th St., and 14th St., NW",LARGE PARK,DPR_0013,Y,,,,,,,,,,,,,,,,,,,,,,,,,,,,,,,,,,,Ward 2,,,,none,none,FEDERAL LANDS PACKAGE:  COOPERATIVE MANAGEMENT AGREEMENT WITH NATIONAL PARK SERVICE (NPS) TO OVERSEE PARK MAINTENANCE,0249    0800,,{DB87DA1E-AD89-4050-8D7D-7639A1BEC880},,,,,0,0
170,26th & I Street Playground,"26th & I Streets, NW",SMALL PARK,DPR_0064,Y,,,,,,,,,,,,,,1,,,,,,,,,,,,,,,,,,,,,Ward 2,,,,none,none,,,,{DE0192C3-DB70-4CDC-AFF8-01DA3406D102},,,,,0,0
171,Marvin Gaye Park,"42nd St. & Hunt Pl., to 63rd St. & Southern Ave., NE",LARGE PARK,DPR_0610,Y,1,,4,,,,,,,,,,,1,,,,,,,,,,,,,,,,,,,,Y,Ward 7,,13,,0610,Drew Elementary School,Subdivision Book 199 Page 154 (TOJ for Recreation Purposes),RES 06100000,,{DFFE1601-597F-415D-96CB-F3B122F72737},,,,,0,0
172,Sherwood,"9th and 10th Sts., to F and G Sts., NE",REC CENTER GROUNDS,DPR_0552,Y,0,0,1,0,0,0,1,0,N,N,3,1,0,0,0,0,0,N,0,0,0,N,,N,0,0,,Pr,Nw,RpLACE,Pr,Ir,Flt,N,Ward 6,,12,,0552,Madison,Subdivision Book 158 Page 37 (TOJ for Recreation Purposes),RES 05520000,1972/11/14 00:00:00+00,{48F768AF-0809-4B83-B3F1-ADA37B14368A},,,,,0,0
173,Rosedale,"17th and Gales Sts., NE",REC CENTER GROUNDS,DPR_0041,Y,1,1,2,0,0,0,2,0,N,N,0,1,4,1,0,0,1,N,0,0,0,,,N,0,2,Nw,RpLACE,Nw,RpLACE,RpAIR,ChnLnk,Flt,N,Ward 7,,12,N,none,Gibbs Elementary School,,Multiple Lots,,{3606CFE5-C08F-43AE-B84F-E2D3B9063E39},,,,,0,0
174,H.D. Woodson Aquatic Center,540 55TH STREET NE,AQUATIC CENTER,DPR_0050,Y,,,,,,,,,,,,,,,,,,,,,,,,,,,,,,,,,,,Ward 7,,,,none,HD Woodson,,5218    0026,,{BB88D229-CF08-4ADC-B3F7-85A11D03A605},,,,,0,0
175,Kingman and Heritage Islands,Anacostia River between Benning Rd. and Railroad Bridge,PARK,DPR_343F,Y,,,,,,,,,,,,,,,,,,,,,,,,,,,,,,,,,,N,Ward 7,,12,,343F,none,,RES 343F0000,,{11606E24-7185-4FD9-8397-94928E6E8173},,,,,0,0
176,Triangle Park RES 0269,"Tennessee Ave.,14th St.,E St.,NE",TRIANGLE,DPR_0269,Y,,,,,,,,,,,,,,,,,,,,,,,,,,,,,,,,,,,Ward 6,,12,,0269,none,TOJ for Comp Plan,RES 02690000,,{9E47E91B-1BCD-407D-85A8-E10036EA6BAA},,,,,0,0
177,Lovejoy Park,"E St., between 11th and 12th Sts., NE",PARK,DPR_0690,Y,,,,,,,,,,,,,,,,,,,,,,,,,,,,,,,,,,N,Ward 6,,12,,0690,none,Subdivision Book 162 Page 2 (TOJ for Recreation Purposes),0985    0808,1972/12/14 00:00:00+00,{562592A7-52FC-4DC0-B4C4-5737CA0C6D48},,,,,0,0
178,Kingsman Field,"14th St. and Tennessee Ave., NE",PARK,DPR_0663,Y,2,0,0,0,0,0,0,0,N,N,0,0,0,0,0,0,0,N,0,0,0,,,N,1,7,Nne,,Nne,RpLACE,RpLACE,ChnLnk,Flt,N,Ward 6,,12,N,0663,Kingsman,,Multiple Lots,1972/12/14 00:00:00+00,{04B9B319-A468-4BE7-AA2D-1BE8B3BF87CF},,,,,0,0
179,Kelly Miller Park,"49th and 50th Sts., Brooks Pl., NE",PARK,DPR_0628,Y,2,0,2,0,0,0,3,0,N,,0,0,0,0,0,1,0,N,0,0,0,N,,Y,0,0,RpAIR,Nne,RpLACE,RpLACE,Pr,ChnLnk,Flt,N,Ward 7,,13,N,0628,Kelly Miller Middle School,"Subdivision 158, Page 37.  TOJ to DC for recreation purposes",Multiple Lots,1972/11/14 00:00:00+00,{433EB6F9-0E40-41CF-8B66-41D9A8E591BC},,,,,0,0
180,Triangle Park RES 0268,"Tennessee Ave.,14th St.,D St.,NE",TRIANGLE,DPR_0268,Y,,,,,,,,,,,,,,,,,,,,,,,,,,,,,,,,,,,Ward 6,,12,,0268,none,TOJ for Comp Plan,RES 02680000,,{A25E3C0A-6AA4-4B73-A400-D6230DB4D76B},,,,,0,0
181,Triangle Park RES 0238,"North Carolina Ave.,15th St.,Consitution Ave.,NE",TRIANGLE,DPR_0238,Y,,,,,,,,,,,,,,,,,,,,,,,,,,,,,,,,,,,Ward 6,,12,,0238,none,TOJ for Comp Plan,RES 02380000,,{21CBBE9F-66C2-444C-867A-87CEA4F7B77F},,,,,0,0
182,Triangle Park RES 0485,"Blaine St., Brooks & 51st Sts., SE",TRIANGLE,DPR_0485,Y,,,,,,,,,,,,,,,,,,,,,,,,,,,,,,,,,,,Ward 7,,13,,0485,none,TOJ for Comp Plan,RES 04850000,,{8C32EC06-91FB-44E2-9953-B36D038E87D4},,,,,0,0
183,Triangle Park RES 0235,"North Carolina Avenue and A Street, NE",SMALL PARK,DPR_0235,Y,,,,,,,,,,,,,,,,,,,,,,,,,,,,,,,,,,,Ward 6,,12,,0235,none,TOJ for Comp Plan,RES 02350000,,{7E7C5333-A310-4682-A249-31F1EC07F9A8},,,,,0,0
184,Evans Park,"East Capitol and Blaine Sts., to 55th St. & 57th Pl., SE",PARK,DPR_0016,Y,1,1,1,0,0,0,2,0,N,N,0,0,0,0,1,0,0,N,0,0,0,N,,N,0,0,RpLACE,Nne,RpLACE,RpLACE,Pr,ChnLnk,Flt,N,Ward 7,,13,N,none,Evans Middle School,"Subdivision Book 140, Page 173",5244    0804,,{0F3A4A9E-2D7C-4C11-894B-3D4E3905C11D},,,,,0,0
185,Triangle Park RES 0084,"Massachusetts Ave., between 9th St & A St, Ne",TRIANGLE,DPR_0086,,,,,,,,,,,,,,,,,,,,,,,,,,,,,,,,,,,,Ward 6,,,,0086,none,TRIANGLE (TRANS TO DC) 12/14/1972,RES 00860000,1972/12/14 00:00:00+00,{2F0E2F2B-CA01-4E5E-8B89-16E6061F6523},,,,,0,0
186,Triangle Park 5189    0845,"Central Ave.,49th St.,East Capitol St.,NE",TRIANGLE,DPR_0018,Y,,,,,,,,,,,,,,,,,,,,,,,,,,,,,,,,,,,Ward 7,,13,,none,none,,5189    0845,,{5177159A-2EA4-4C8C-B059-47A06EB7D741},,,,,0,0
187,Benning Stoddert Community Center,"East Capitol St., between Burns & B Sts., SE",REC CENTER GROUNDS,DPR_0706,Y,1,0,4,0,0,0,0,0,N,Y,0,1,8,1,0,0,0,Y,1,0,0,N,,Y,1,7,RpAIR,RpAIR,RpAIR,RpLACE,Gd,ChnLnk,MdSlp,N,Ward 7,,14,N,0706,none,Subdivision Book 152 Page 132 (TOJ for Recreation Purposes),Multiple Lots,,{C8139D42-8D96-4171-84FD-F1D11AD5F344},,,,,0,0
188,Fort Chaplin Park,"Texas Ave. and C St., SE",PARK,DPR_0612,Y,,,,,,,,,,Y,,,,,,,,,,,,,,,,,,,,,,,,N,Ward 7,,14,,0612,Plummer Elementary School,Subdivision Books (158 & 137) Pages (39 & 169) (TOJ to DC for Recreation purposes),RES 06120000,1972/12/14 00:00:00+00,{35F33C6F-19FA-407B-B6F6-15F24A13E405},,,,,0,0
189,Triangle Park RES 337C,"Minnesota Ave.,36th St.,Croffut Pl.,SE",TRIANGLE,DPR_337C,Y,,,,,,,,,,,,,,,,,,,,,,,,,,,,,,,,,,,Ward 7,,14,,337C,none,TOJ for Comp Plan,RES 337C0000,,{BBA469A6-14E3-4965-9DB1-6F7E9DACB720},,,,,0,0
190,Rumsey Aquatic Center,"7th St. and N. Carolina Ave., NE",REC CENTER GROUNDS,DPR_0019,Y,0,0,0,0,0,0,0,0,N,N,6,0,0,0,0,1,0,N,0,0,0,,,N,0,5,Nne,RpAIR,Nw,RpLACE,,Nne,Flt,N,Ward 6,,12,N,none,none,"Subdivision Book 28, Page 99, Survey Book 29, Page 108",0872    0800,1972/12/14 00:00:00+00,{ABA1A3BF-8EA6-49E7-A730-022171C703FE},,,,,0,0
191,Fletcher-Johnson,"Benning Rd., C St., and St Louis St. SE",PARK,DPR_0030,Y,,,,,,,,,,,,,,,,,,,,,,,,,,,,,,,,,,N,Ward 7,,,,none,none,,5344    0802,,{FF0C607C-F097-4603-86D4-C576EDDF6F5B},,,,,0,0
192,17th & C Triangle Park Playground RES 0092,"Massachusetts Ave.,17th St.,C St.,SE",TRIANGLE,DPR_0092,Y,,,,,,,,,,,,,,1,,,,,,,,,,,,,,,,,,,,,Ward 7,,12,,0092,none,TOJ for Comp Plan,RES 00920000,,{1DB4C0F9-DB12-4A9B-A723-B763A9D20CB1},,,,,0,0
193,DC General Playground,"1900 Massachusetts Avenue, SE",PARK,DPR_0013,Y,,,,,,,,,,,,,,,,,,,,,,,,,,,,,,,,,,,Ward 7,,,,0013,none,,RES 00130000,,{E35F12E5-5076-4D49-9120-356102CA9D20},,,,,0,0
194,Triangle Park RES 0240,"South of South Carolina Avenue and C Street, SE",SMALL PARK,DPR_0240,Y,,,,,,,,,,,,,,,,,,,,,,,,,,,,,,,,,,,Ward 6,,12,,0240,none,TOJ for Comp Plan,RES 02400000,,{B571E920-554F-45D9-8D89-076BCC177CD2},,,,,0,0
195,Payne,"C St., between 14th and 15th Sts. SE",REC CENTER GROUNDS,DPR_0649,Y,1,0,0,0,0,0,0,0,N,N,0,0,0,0,0,0,0,N,0,0,0,N,,N,0,0,RpLACE,,Nne,RpLACE,Pr,ChnLnk,Flt,N,Ward 6,,12,N,0649,Payne Elementary School,Subdivision Book 158 Page 37 (TOJ for Recreation Purposes),1061    0813,1972/11/14 00:00:00+00,{57466FF9-221E-49FB-B799-7F0F2E95785D},,,,,0,0
196,Triangle Park RES 0116,"Virginia Ave., east side of 6th & D Sts., SW",TRIANGLE,DPR_0116,Y,,,,,,,,,,,,,,,,,,,,,,,,,,,,,,,,,,,Ward 6,,,,0116,,"Subdivision Book 123, Page 130.  TOJ TO DC",RES 01160000,,{36F74884-5201-4647-8E22-89D3F376457A},,,,,0,0
197,Triangle Park RES 0046,"Pennsylvania Ave., west of 8th and D Sts., SE",TRIANGLE,DPR_0046,,,,,,,,,,,,,,,,,,,,,,,,,,,,,,,,,,,,Ward 6,,,,0046,none,"Subdivision 204, Page 198. GAO Federal Real Property Report.  TOJ to DC for Parks, Recreation & Open Space",0901S   0803,,{4B685204-E4F6-4986-AE1E-50B0382EB6A3},,,,,0,0
198,"Triangle Park RES 0048,0049","Pennsylvania Ave., between 8th, 9th St. and South Carolina Ave., SE",TRIANGLE,DPR_0048,,,,,,,,,,,,,,,,,,,,,,,,,,,,,,,,,,,,Ward 6,,,,"0048,0049",none,"Subdivision 204, Page 198. GAO Federal Real Property Report.  TOJ to DC for Parks, Recreation & Open Space",Multiple Lots,,{17BB2359-95AF-4690-9D7D-04D40FDAD6BB},,,,,0,0
199,"Triangle Park RES 0044,0045","South Carolina and Pennsylvania Aves., to 7th, 8th and D Sts., SE",TRIANGLE,DPR_0044,Y,,,,,,,,,,,,,,,,,,,,,,,,,,,,,,,,,,,Ward 6,,,,"0044,0045",none,"Subdivision 204, Page 198. GAO Federal Real Property Report.  TOJ to DC for Parks, Recreation & Open Space",Multiple Lots,,{F6507BF4-A2AD-4757-BA95-AA790EF287F2},,,,,0,0
200,Watkins,"13th St., between D and E Sts., SE",REC CENTER GROUNDS,DPR_0611,Y,0,1,2,0,0,0,0,0,Y,N,4,0,0,1,0,0,1,N,0,0,0,N,,N,1,8,Nw,,Nw,RpLACE,Pr,ChnLnk,Flt,N,Ward 6,,12,N,0611,Watkins Elementary School,Subdivision Book 152 Page 134 (TOJ for Recreation Purposes),Multiple Lots,1972/12/14 00:00:00+00,{EA3973BC-E944-440F-ABC8-E5F314DE1593},,,,,0,0
201,Triangle Park RES 0047,"Pennsylvania Ave., east of 8th St., SE",TRIANGLE,DPR_0047,Y,,,,,,,,,,,,,,,,,,,,,,,,,,,,,,,,,,,Ward 6,,,,0047,none,"Subdivision 204, Page 198. GAO Federal Real Property Report.  TOJ to DC for Parks, Recreation & Open Space",0924S   0800,,{2F4C0189-80D6-42A8-AB3C-0B3624397DA3},,,,,0,0
202,Fort Dupont Urban Farm,3779 ELY PLACE SE,REC CENTER GROUNDS,DPR_0407,Y,,,,,,,,,,,,,,,,,,,,,,,,,,,,,,,,,,,Ward 7,,,,0405,,Merged lots 800-803 sq 5438,Multiple Lots,,{8E619B01-CE45-4FBA-A946-0CD328B79DB9},,,,,0,0
203,Triangle Park RES 0258,"Potomac Ave. and E Street, SE",SMALL PARK,DPR_0258,Y,,,,,,,,,,,,,,,,,,,,,,,,,,,,,,,,,,,Ward 7,,12,,0258,none,TOJ for Comp Plan,RES 02580000,,{80159DD9-942A-41CD-8E45-D6867840EA61},,,,,0,0
204,Triangle Park RES 0257,"Potomac Ave.,17th St.,E St.,SE",TRIANGLE,DPR_0257,Y,,,,,,,,,,,,,,,,,,,,,,,,,,,,,,,,,,,Ward 7,,12,,0257,none,"Subdivision Book 158, Page 42.  TOJ to DC for Comp Plan",RES 02570000,,{F6ECD837-FA44-435A-8A64-7C9FB155B32C},,,,,0,0
205,DC Therapeutic,"3030 G St., SE",REC CENTER GROUNDS,DPR_0405,Y,1,0,1,0,0,0,0,0,N,Y,1,0,13,1,0,1,0,N,0,0,0,N,,Y,0,5,Nne,RpAIR,Nw,RpLACE,Pr,ChnLnk,Flt,N,Ward 7,,14,N,0405,none,"Subdivision Books (121,139,140 & 158) Pages (39,14-15 & 28,42 & 40) (TOJ to DC for Recreation & Hwy purposes)",RES 04050000,,{CC772F81-7BFA-4DA6-A7FF-D6B04BD17227},,,,,0,0
206,Garfield Park,"F St. and Virginia Ave., between 1st and 3rd Sts., SE",PARK,DPR_0017,Y,0,0,0,0,0,0,2,0,N,N,16,0,0,1,1,0,0,N,0,0,0,N,,N,2,21,Nne,Gd,Nw,RpLACE,Gd,Ir,Flt,N,Ward 6,,12,Y,0017,none,Subdivision Book 162 Page 2 (TOJ for Recreation Purposes),RES 00170000,1792/01/01 00:00:00+00,{5D45F78B-E49E-4DA1-BCC1-6FEED1228CC0},,,,,0,0
207,Randall,"west of S. Capitol St., between G and K Sts., SW",REC CENTER GROUNDS,DPR_0484,Y,1,1,2,0,0,0,3,0,N,N,2,1,2,1,1,0,1,N,0,0,0,Y,,N,1,22,RpAIR,RpLACE,RpLACE,RpLACE,Pr,ChnLnk,Flt,N,Ward 6,,05,,0484,Randall,Subdivision Book 158 Page 11 (TOJ for Recreation Purposes),RES 04840000,1971/10/18 00:00:00+00,{84F8FC56-780E-4634-B92E-38D812484B5A},,,,,0,0
208,Triangle Park RES 0256,"Potomac Ave.,16th St.,G St.,SE",TRIANGLE,DPR_0256,Y,,,,,,,,,,,,,,,,,,,,,,,,,,,,,,,,,,,Ward 6,,12,,0256,none,TOJ for Comp Plan,RES 02560000,,{8CC3BDC5-7F54-45CA-81CC-13D29E4407BB},,,,,0,0
209,Amidon Field,"4th and G Sts., SW",PARK,DPR_0711,Y,1,,,,,,,,,,,,,,,,,,,,,,,,,,,,,,,,,N,Ward 6,,05,,0711,Amidon Elementary School,Subdivision Book 158 Page 11 (TOJ for Recreation Purposes),0498    0885,1985/01/01 00:00:00+00,{69F7A1D5-D55A-4516-8328-C850B6C2728E},,,,,0,0
210,Jefferson Field,"7th and 9th Sts., to G and H Sts., SW",PARK,DPR_0626,Y,,1,,,,,2,,,,,,,,,,,,,,,,,,,,,,,,,,,N,Ward 6,,05,,0626,Jefferson Junior High School,Subdivision Book 158 Page 37 (TOJ for Recreation Purposes),0414    0825,1972/11/14 00:00:00+00,{7635A532-7B39-4CF3-B027-FFAEE81BD65C},,,,,0,0
211,Benning Park Community Center,"Benning Rd., north of Hanna Pl. & Southern Ave., SE",REC CENTER GROUNDS,DPR_0692,Y,1,0,3,0,0,0,2,0,N,Y,5,1,0,1,1,0,1,N,0,0,0,N,,Y,1,5,RpAIR,RpAIR,Nw,RpLACE,RpAIR,ChnLnk,Flt,N,Ward 7,,14,N,0692,none,"Subdivision Book 158 Page 4 (TOJ for Recreation Purposes).  Parcel 0193 Lots (0030-0032,0065-66),Sq.5341E Lot 0040,Sq.5342E Lots 0001 & 0002",Multiple Lots,1992/01/01 00:00:00+00,{E7DB0384-ECBB-4DC8-A518-95725E4B8B0B},,,,,0,0
212,Town Center Park,"3rd St. and I Sts., SW",SMALL PARK,DPR_0723,Y,,,,,,,,,,,,,,,,,,,,,,,,,,,,,,,,,,,Ward 6,,,,0723,none,AMT - Survey October 2007 - TOJ to DC for park & recreation purposes FOSET 2008,RES 07230000,,{F88D8DE0-42C3-4A8E-ABD7-7DA4B16EB194},,,,,0,0
213,Town Center Park,"6th St. and I Sts., SW`",SMALL PARK,DPR_0721,Y,,,,,,,,,,,,,,,,,,,,,,,,,,,,,,,,,,,Ward 6,,,,0721,none,AMT - Survey October 2007 - TOJ to DC for park & recreation purposes FOSET 2008,RES 07210000,,{F5A824B4-02A6-4AD6-B159-0FD53F7FD3AB},,,,,0,0
214,Town Center Park,"4th and I Sts., SW",SMALL PARK,DPR_0722,Y,,,,,,,,,,,,,,,,,,,,,,,,,,,,,,,,,,,Ward 6,,,,0722,,AMT - SURVEY OCTOBER 2007 - TOJ to DC for park & recreation purposes FOSET 2008,Multiple Lots,,{9A835195-DC20-46CE-8C1F-EF70F58EC648},,,,,0,0
215,Lansburgh Park,"Delaware Ave., between I and M Sts., SW",PARK,DPR_0712,Y,,,,,,,,,,,,,,,,,,,,,,,,,,,,,,,,,,N,Ward 6,,05,,0712,Randall,Subdivision Book 158 Page 50 (TOJ for Recreation Purposes),RES 07120000,1972/11/14 00:00:00+00,{D949FF1A-A451-4A52-A57B-78E0896E1FFC},,,,,0,0
216,Canal Park,"2nd St., between K and I Sts., SE",PARK,DPR_017B,Y,,,,,,,,,,,,,,,,,,,,,,,,,,,,,,,,,,N,Ward 8,,12,,017B,none,Subdivision Book 158 Page 50 (TOJ for Recreation Purposes),0767    0830,,{E6C5E06A-0E82-49E7-952C-452F850C2476},,,,,0,0
217,Arthur Capper Community Center,1000 5TH STREET SE,REC CENTER GROUNDS,DPR_0012,Y,,,,,,,,,,,,,,,,,,,,,,,,,,,,,,,,,,,Ward 6,,,,0124,,Subdivision Book 137 Page 7 (TOJ for Recreation Purposes),0880    0027,,{43F5FA9F-E7E5-4C74-B1AA-F7E1B9063B66},,,,,0,0
218,Triangle Park RES 0253,"Potomac Ave. and K Street, SE",SMALL PARK,DPR_0253,Y,,,,,,,,,,,,,,,,,,,,,,,,,,,,,,,,,,,Ward 6,,12,,0253,none,TOJ for Comp Plan,RES 02530000,,{F15B43F4-2EDC-4FA7-8A08-FDF7C7A6A5A2},,,,,0,0
219,Canal Park,"2nd St., between K and L Sts., SE",PARK,DPR_017C,Y,,,,,,,,,,,,,,,,,,,,,,,,,,,,,,,,,,N,Ward 8,,,,017C,none,Subdivision Books (148 & 158) Pages (106 & 50) (TOJ for Recreation Purposes),0768    0811,,{9304B9F2-9143-49A4-A959-C91879FAFCDE},,,,,0,0
220,Ridge,"Ridge Rd. and Burns St., SE",REC CENTER GROUNDS,DPR_0406,Y,1,0,2,0,0,0,0,0,N,Y,7,1,3,1,1,0,1,N,0,0,0,N,,Y,1,5,Nw,Nne,Nw,RpLACE,RpAIR,ChnLnk,MdSlp,N,Ward 7,,14,N,0405,none,Subdivision Book 158 Page 40 (TOJ to DC for Recreation purposes),PAR 01960012,,{951CBB14-31D5-4928-9B7A-B7CC163B00E7},,,,,0,0
221,Virginia Avenue,"L St., between 9th and 11th Sts., SE",REC CENTER GROUNDS,DPR_0126,Y,0,0,1,0,0,0,0,0,N,N,0,0,0,1,0,0,0,N,0,0,0,N,,N,0,0,,RpLACE,RpLACE,,RpAIR,ChnLnk,Flt,N,Ward 6,,12,N,0126,none,Subdivision Books (158 & 169) Pages (11 & 65) (TOJ for Recreation Purposes),0952    0805,1971/10/18 00:00:00+00,{7A77B761-3A76-42BC-835F-E2896E13358E},,,,,0,0
222,Pope Branch Park,"M St. & Fairlawn Ave., to 39th & Nash Sts., SE",LARGE PARK,DPR_0624,Y,,,,,,,,,,,,,,,,,,,,,,,,,,,,,,,,,,N,Ward 7,,07,,0624,none,Subdivision Book 158 Page 34 (TOJ for Recreation Purposes),RES 06240000,1972/11/07 00:00:00+00,{7C45457B-3F92-4CAF-8C7E-43F22FA95838},,,,,0,0
223,Boathouse Row,"Anacostia River (Both Banks) between John Phillip Sousa & 11th St. Bridges, SE",PARK,DPR_343D,Y,,,,,,,,,,,,,,,,,,,,,,,,,,,,,,,,,,,Ward 6,,,N,343D,none,"Federal Government and the District of Columbia Conveyances and Transfers in Public Law 109-396 (Partial TOJ for Rec,Park, and Open Space)",RES 343D0000,,{424F3DDB-2894-4A50-9860-365FE3A36175},,,,,0,0
224,Joy Evans,"6th St., between L and M Sts., SE",REC CENTER GROUNDS,DPR_019A,Y,0,0,0,0,0,0,0,0,N,N,0,0,0,1,1,1,0,N,0,0,0,,,N,1,3,Nne,RpLACE,Nne,RpLACE,Pr,ChnLnk,Flt,N,Ward 8,,12,N,019A,Van Ness Elementary School,Subdivision Books (152 & 155) Pages (133 & 177) (TOJ to DC for Recreation purposes),RES 019A0000,,{EBA4D60E-EF3F-40A4-81EE-4B5675D7E8BA},,,,,0,0
225,Canal Park,"2nd St., between M and L Sts., SE",PARK,DPR_017D,Y,,,,,,,,,,,,,,,,,,,,,,,,,,,,,,,,,,N,Ward 8,,,,017D,,Subdivision Books (148 & 158) Pages (106 & 50) (TOJ for Recreation Purposes),0769    0823,,{D782F8F9-64B5-4D1F-8EAD-0AE9A5A02021},,,,,0,0
226,Triangle Park RES 0251,"Potomac Ave SE, 9th Street SE, and M Street SE",TRIANGLE,DPR_0251,,,,,,,,,,,,,,,,,,,,,,,,,,,,,,,,,,,,Ward 8,,,,0251,,"Subdivision Book 204, Page 198. TOJ to DC for park & recreation purposes",0930S   0800,,{319A7E22-1DA1-4894-AD00-25F201DF0971},,,,,0,0
227,Triangle Park RES 0128,"Virginia Ave., Between 12th & M Sts., SE",TRIANGLE,DPR_0128,Y,,,,,,,,,,,,,,,,,,,,,,,,,,,,,,,,,,,Ward 6,,,,0128,none,AMT SURVEY FEBRUARY 2008 - TOJ to DC for park & recreation purposes,0999E   0800,,{62E57E1F-FB4C-4CDA-8FAE-17B549E865DE},,,,,0,0
228,Triangle Park RES 0129,"Virginia Ave. and south of M St., SE",TRIANGLE,DPR_0129,Y,,,,,,,,,,,,,,,,,,,,,,,,,,,,,,,,,,,Ward 6,,,,0129,none,"SURVEY BOOK 204, PAGE 5 AND AMT SURVEY FEBRUARY 2008 - TOJ to DC for park & recreation purposes",RES 01290000,,{B8BAB948-4690-455E-BE91-E5E3ABDB2532},,,,,0,0
229,Triangle Park RES 0299,"Water St., Between 14th & M Sts., SE",TRIANGLE,DPR_0299,Y,,,,,,,,,,,,,,,,,,,,,,,,,,,,,,,,,,,Ward 6,,,,0299,none,AMT SURVEY NPS to DC FEB 2008. - TOJ to DC FOSET 2008,RES 02990000,,{C93119B4-E49F-492C-BD5B-632240240C6A},,,,,0,0
230,King-Greenleaf,"Canal St., between M and N Sts., SW",REC CENTER GROUNDS,DPR_0634,Y,0,1,2,0,0,0,2,0,N,N,0,0,0,1,1,0,0,N,0,0,0,N,,N,0,0,Nw,Gd,Nw,RpLACE,Gd,Ir,Flt,N,Ward 6,,05,Y,"6P&Q,0634",Bowen Elementary School,"Subdivision Books (110,129,& 149) Pages (9,44,& 121) (TOJ to DC for Recreation purposes)",Multiple Lots,,{5014FD90-A297-4E58-82E5-07DEB6464D5E},,,,,0,0
231,Triangle Park RES 0130,"Water St., south of M St., SE",TRIANGLE,DPR_0130,Y,,,,,,,,,,,,,,,,,,,,,,,,,,,,,,,,,,,Ward 6,,,,0130,none,AMT SURVEY FEBRUARY 2008 - TOJ to DC for park & recreation purposes,1025E   0802,,{066318E5-259F-4D9B-B74D-A2FCA9C3B9A4},,,,,0,0
232,East Potomac Pool,"1000 Ohio Dr., SW",POOL/SPRAY PARK,DPR_0333,Y,,,,,,,,,,,,,,,,,1,,,,,,,,,,,,,,,,,,Ward 6,,,,0333,none, ,PAR 03160005,,{94409E9C-C19D-4790-8E54-CB3D31E133FF},,,,,0,0
233,Anacostia Recreation Center,1800 Anacostia Drive SE,REC CENTER GROUNDS,DPR_343D,Y,,,,,,,9,,,,,,,1,,,1,,,,,,,,,,,,,,,,,,Ward 8,,,,343D,none,Tennis courts are NPS' responsiblity,PAR 02550019,2001/01/01 00:00:00+00,{5CB43FDE-9A33-4BA7-ABBE-C85326CC670B},,,,,0,0
234,Yards Park,"355 Water St, SE",PARK,DPR_0004,Y,,,,,,,,,,,,,,,,,,,,,,,,,,,,,,,,,,,Ward 8,,,,none,,Temporary Boundary,Multiple Lots,,{333AAF13-80B2-42C4-A87C-20B1469088D9},,,,,0,0
235,Triangle Park RES 336B,"Minnesota Ave., between 22nd & Q Sts., SE",TRIANGLE,DPR_336B,Y,,,,,,,,,,,,,,,,,,,,,,,,,,,,,,,,,,,Ward 8,,07,,336B,none,TOJ for Comp Plan,RES 336B0000,,{F061EAAA-9B3D-496B-844B-7483AA0CA74E},,,,,0,0
236,Triangle Park RES 336C,"Naylor Rd., between 22nd & Q Sts., SE",TRIANGLE,DPR_336C,Y,,,,,,,,,,,,,,,,,,,,,,,,,,,,,,,,,,,Ward 8,,07,,336C,none,TOJ for Comp Plan,RES 336C0000,,{13B1A65E-2CE8-4AF4-9D46-5333F65B98F8},,,,,0,0
237,Randle Highlands,"3000 R St., SE",PARK,DPR_0028,Y,,,,,,,2,,,Y,,,,,,,,,,,,,,,,,,,,,,,,N,Ward 7,,07,,none,Randle Highlands Elementary School,,5663    0074,,{06951C57-6B36-4A65-8E63-9591655A4DB2},,,,,0,0
238,Poplar Point,"South Capitol Street, I-295, 11th St. & Frederick Douglass Memorial Bridges, SE",LARGE PARK,DPR_343C,Y,,,,,,,,,,,,,,,,,,,,,,,,,,,,,,,,,,,Ward 8,,,Y,343C,none,"Sub Bks (168&204), Pgs (20&194). GAO Federal Real Property Report.  TOJ to DC for Parks, Recreation & Open Space (Boathouse Row - Marina/Recreation)",RES 343C0000,,{537CABB9-A868-48C5-BB18-A2EF7B1C6973},,,,,0,0
239,Fort Davis,"41st St., between Fort Davis St. & Fort Davis Pl., SE",REC CENTER GROUNDS,DPR_0713,Y,1,0,1,0,0,0,1,0,N,N,6,1,8,1,1,0,0,Y,,,,N,,N,1,10,Nw,RpAIR,Nw,Nw,Pr,ChnLnk,MdSlp,N,Ward 7,,07,,0713,none,Map 8198 & A&T 3544-J (TOJ for Recreation Purposes),Multiple Lots,1972/11/14 00:00:00+00,{74AABF55-2CE8-424B-B493-64756814DB8F},,,,,0,0
240,Triangle Park RES 314A,"Minnesota Ave.,16th St.,T St.,SE",TRIANGLE,DPR_314A,Y,,,,,,,,,,,,,,,,,,,,,,,,,,,,,,,,,,,Ward 8,,07,,314A,none,TOJ for Comp Plan,RES 314A0000,,{66539148-B3FC-4393-819C-282E2645F95C},,,,,0,0
241,Triangle Park RES 314C,"Minnesota Avenue and Good Hope Road, SE",SMALL PARK,DPR_314C,Y,,,,,,,,,,,,,,,,,,,,,,,,,,,,,,,,,,,Ward 8,,07,,314C,none,TOJ for Comp Plan,RES 314C0000,,{F17C4D6E-82DF-4BFA-B2FA-7030576DF1E0},,,,,0,0
242,Alger Park,"31st and W Sts., to Park and Hillcrest Drs., SE",PARK,DPR_0489,Y,,,,,,,,,,Y,,,,,,,,,,,,,,,,,,,,,,,,N,Ward 7,,07,,0489,none,Subdivision Book 158 Page 50 (TOJ for Recreation Purposes),RES 04890000,1999/01/01 00:00:00+00,{A83F280D-BB2B-4F1D-8378-32CEC2D59107},,,,,0,0
243,Barry Farms Playground,"Martin Luther King Jr. Blvd., between Howard & Summer Rds., SE",REC CENTER GROUNDS,DPR_0474,Y,1,0,2,0,0,0,1,0,,,1,1,1,1,1,0,1,N,,,,Y,,N,0,0,RpLACE,RpAIR,RpAIR,RpLACE,RpAIR,ChnLnk,Flt,Y,Ward 8,,07,,0474,Birney Elementary School,Subdivision Book 152 Page 139 (TOJ to DC for Recreation purposes),RES 04740000,1968/01/01 00:00:00+00,{6B232EC4-4748-4FF5-B95E-B3896E68B78B},,,,,0,0
244,Hillcrest Recreation Center,"Alabama Ave., west of 32nd St., SE",REC CENTER GROUNDS,DPR_0627,Y,0,0,0,0,0,0,0,1,N,Y,4,1,0,1,1,0,0,N,,,,N,,N,1,6,Nne,Gd,Nw,Nw,Pr,Ir,Flt,N,Ward 7,,07,,0627,Winston Educational Center,Subdivision Book 162 Page 1 (TOJ to DC for Recreation & School purposes),RES 06270000,1972/12/14 00:00:00+00,{1E3213DF-AFDD-4590-A072-E04F847D74E3},,,,,0,0
245,Fort Stanton,"north of Erie St., between Pearson Pl. & 16th St., SE",REC CENTER GROUNDS,DPR_0412,Y,1,0,4,0,0,0,3,0,N,N,2,1,0,1,1,0,1,N,,,,N,,Y,1,1,RpLACE,Nne,Nw,RpLACE,Pr,ChnLnk,MdSlp,N,Ward 8,,07,,0412,none,Subdivision Book 158 Page 34 (TOJ to DC for Recreation purposes),Multiple Lots,1926/01/01 00:00:00+00,{3D3853FE-005B-48D1-B465-CF6C8131D5F2},,,,,0,0
246,Triangle Park RES 0490,"Southern Ave., between Branch Ave. & Erie St., SE",TRIANGLE,DPR_0490,Y,,,,,,,,,,,,,,,,,,,,,,,,,,,,,,,,,,,Ward 7,,,,0490,,"Subdivision Books (155 & 156), Pages (5 & 18).   TOJ to DC for Recreation purposes",RES 04900000,,{3B9B251B-98C7-4A1C-8094-2499A238B400},,,,,0,0
247,Douglass Recreation Center,Douglass Rec Ctr. (Ft. Stanton Park to St. Elizabeth Hospital),REC CENTER GROUNDS,DPR_0519,Y,1,0,2,0,0,0,0,0,N,N,1,1,4,1,1,0,1,Y,,,,N,,Y,1,6,RpLACE,Nne,RpLACE,RpLACE,RpAIR,ChnLnk,Flt,N,Ward 8,,08,,0519,none,"Subdivision 158, Page 34.  TOJ to DC for recreation purposes",Multiple Lots,,{CBC0B3CC-11AA-45F7-84ED-3CE5570DB212},,,,,0,0
248,Oxon Run Park,"Mississippi Ave., between 1st St. and Southern Ave., SE",PARK,DPR_0501,,,,,,,,,,,,,,,,,,,,,,,,,,,,,,,,,,,,Ward 8,,,,0501,,Subdivision Book 158 Page 36. TOJ for recreation and related purposes.,Multiple Lots,1930/01/01 00:00:00+00,{E0801EDF-12E4-4351-81C0-53E5F5F3E5DA},,,,,0,0
249,Congress Heights,"7th St., south of Alabama Ave., SE",REC CENTER GROUNDS,DPR_0632,Y,1,0,1,0,0,0,3,0,N,Y,3,1,2,1,0,0,0,N,,,,N,,N,1,5,Nw,Nne,RpLACE,RpLACE,RpAIR,ChnLnk,Flt,N,Ward 8,,08,,0632,Martin Luther King Elementary School,Subdivision Books (158 & 125) Pages (11 & 75) (TOJ for Recreation Purposes),RES 06320000,1971/10/18 00:00:00+00,{74A19682-B9C7-4BA5-A8C6-2D2E6C40CCB1},,,,,0,0
250,Oxon Run Park,"Mississippi Ave., between 1st St. and Southern Ave., SE",LARGE PARK,DPR_0502,Y,2,,2,,,,10,,,,,,,4,,,,,,,,,,,,,,,,,,,,N,Ward 8,,08,,0501,Simon Elementary School,"Subdivision 158, Page 36,128, Page 146,136, Page 93,144, Page 48 Referenced for this TOJ to DC for recreation purposes.",RES 05010000,1930/01/01 00:00:00+00,{C9A106E9-ED93-4E42-AB96-DC600E33ABAD},,,,,0,0
251,Ferebee-Hope Recreation Center,3999 8TH STREET SE,REC CENTER GROUNDS,DPR_0056,,,,,,,,,,,,,,,,,,,,,,,,,,,,,,,,,,,,Ward 8,,,,none,,,6124    0045,,{35F19C5E-4DEA-4190-A83F-5BAEF36366BF},,,,,0,0
252,Triangle,100 Block of Xenia St SE,TRIANGLE,DPR_0007,,,,,,,,,,,,,,,,,,,,,,,,,,,,,,,,,,,,Ward 8,,,,none,,Subdivision Book 158 Page 36. TOJ for recreation and related purposes.,6128N   0805,,{3FAE1B87-7F25-4E75-A5DC-4BBBD7B7831C},,,,,0,0
253,Triangle,100 Block of Xenia St SE,TRIANGLE,DPR_0005,,,,,,,,,,,,,,,,,,,,,,,,,,,,,,,,,,,,Ward 8,,,,none,,Subdivision Book 158 Page 36. TOJ for recreation and related purposes.,6128    0808,,{7EB058DB-D0FB-4027-AB57-BBE0F573EFC3},,,,,0,0
254,Triangle,100 Block of Yuma St SE,TRIANGLE,DPR_0006,,,,,,,,,,,,,,,,,,,,,,,,,,,,,,,,,,,,Ward 8,,,,none,,Subdivision Book 158 Page 36. TOJ for recreation and related purposes.,6128    0811,,{D146C49F-531E-4853-873A-DCC6A51AD4F1},,,,,0,0
255,Fort Greble,"South Capitol & 2nd Sts., SE & SW",REC CENTER GROUNDS,DPR_0421,Y,0,1,2,1,0,0,1,0,N,Y,0,1,0,1,1,0,0,N,,,,N,,Y,0,3,Nw,Nne,RpAIR,RpLACE,Pr,ChnLnk,MdSlp,N,Ward 8,,08,,0421,Leckie Elementary School,Subdivision Book 158 Page 40 (TOJ to DC for Recreation purposes),Multiple Lots,,{F8E46652-3955-407A-8C8E-CC659493A892},,,,,0,0
256,Bald Eagle Hill,"Nichols & Southern Aves., SW",REC CENTER GROUNDS,DPR_0561,Y,1,0,2,0,0,0,2,0,N,N,1,1,1,1,0,0,0,N,,,,Y,,Y,0,5,RpLACE,Nne,RpLACE,RpLACE,Pr,ChnLnk,Flt,N,Ward 8,,08,,0561,none,Subdivision Book 158 Page 40 (TOJ for Recreation Purposes),Multiple Lots,1975/01/01 00:00:00+00,{B7E6558C-DC4B-4CCA-A8FB-DF83F33935C1},,,,,0,0
